Q114509488;St.-Annen-Kirche;abgegangenes Bauwerk;53.547519;10.022467
Q84562959;Schule Oppelner Straße;Schulgebäude;53.57339;10.14446
Q74589490;Koppel 66 – Haus für Kunst und Handwerk;Gebäude;53.558418;10.011332
Q110768291;Campus Bergedorf;Campus;53.49426111111111;10.19973888888889
Q2314891;Spökelburg;Burg;53.535666;10.110029
Q1739852;Markthalle Hamburg;Gebäudekomplex;53.54888889;10.00583333
Q34378630;Alabama Kino;Kino;53.58318;10.02069
Q96196008;Schule Lohmühlen;Schulgebäude;53.55813;10.0162
Q109004347;Schule Neuland;Schulgebäude;53.4688;10.0375
Q820252;Bergstedter Kirche;Kirchengebäude;53.67219444;10.12633333
Q2466074;U-Bahnhof Steinfurther Allee;U-Bahnhof;53.541;10.1392
Q14370908;Elbe-Einkaufszentrum;Einkaufszentrum;53.57055556;9.86222222
Q63439545;Blohm + Voss-Werft;Werft;53.539;9.962
Q104812793;Eifflerstraße 3;Gebäude;53.56132;9.95674
Q101421672;Petruskirche;Kirchengebäude;53.588806;9.952861
Q1803869;Landsitz Gustav Godeffroy;Villa;53.55835;9.822511
Q56878399;Hafenpolizeiwache No 2;Polizeidienststelle;53.543107184096584;9.98308518371338
Q2465872;U-Bahnhof Eppendorfer Baum;U-Bahnhof;53.58361111;9.985
Q59660033;Immanuelkirche (Hamburg-Veddel);Kirchengebäude;53.5255;10.0176
Q113453212;Schule Fabriciusstraße;Schulgebäude;53.60502;10.06812
Q34378859;Gondel Filmtheater;abgegangenes Bauwerk;53.58958;10.00036
Q34379177;Urania Filmbuhne;abgegangenes Bauwerk;53.5573;9.99102
Q2466005;U-Bahnhof Mümmelmannsberg;U-Bahnhof;53.527975;10.149951
Q627411;Arbeitserziehungslager Hamburg Langer Morgen;Arbeitserziehungslager;53.50222222;9.96194444
Q73391939;Schule Sethweg;Schulgebäude;53.63383;9.94339
Q50201441;Rolf-Liebermann-Studio;Tonstudio;53.5772922;9.9912985
Q102350327;Schule Fahrenkrön;Schulgebäude;53.6163;10.09655
Q1339302;Empire Riverside Hotel;Hotel;53.54730556;9.96333333
Q1650147;U-Bahnhof Ritterstraße;U-Bahnhof;53.56722222;10.04472222
Q105822402;Schule Max-Eichholz-Ring;Schulgebäude;53.50708;10.21705
Q110923952;Hochbunker Heußweg 114;Luftschutzbunker;53.58015;9.95755
Q105164959;Thedestraße 39;Schulgebäude;53.55279;9.94839
Q112136953;Stadtteilschule Niendorf, Hauptstandort;Schulgebäude;53.63358888888889;9.951838888888888
Q96143223;Schule Wesperloh;Schulgebäude;53.57559;9.86145
Q64577227;Paul-Gerhardt-Kirche;Kirchengebäude;53.561667;9.921944
Q14906769;Hanseviertel;Einkaufszentrum;53.5533547;9.9895854
Q110226251;Chrysanderstraße 4;Schulgebäude;53.48736;10.21618
Q106519866;Berufsschule Dratelnstraße 28;Berufsschule;53.4987;10.00312
Q21037163;Eingangsgebäude der Margarinefabrik Voss;Gebäude;53.59166718;10.05638885
Q101007213;Schule Rahlstedter Höhe;Schulgebäude;53.60023;10.13116
Q3782339;U-Bahnhof Habichtstraße;U-Bahnhof;53.59361111;10.05194444
Q34379008;Liliencron-Theater;Kino;53.56416;9.88041
Q90500071;Georg-Kerschensteiner-Schule;Schulgebäude;53.45404;9.9737
Q1746647;Kleiner Michel;Pfarrkirche;53.54913;9.98297
Q15814494;Cranz’sches Haus;Gebäude;53.54844;9.995479
Q1572914;Hamburg Lübecker Bahnhof;Bahnhof;53.5503;10.0186
Q106188753;Deichtor-Center;Gebäude;53.54705630668;10.003767568345
Q49496651;Große Wallanlagen;Wallanlage;53.5501;9.97215
Q3238460;Binnenalster;Lagune;53.555;9.995
Q108320018;Schule Voßberg;Volksschule;53.59194;10.01069
Q871581;Ernst-Barlach-Haus;Kunstmuseum;53.55361111;9.8675
Q38643723;Helios Mariahilf Klinik Hamburg;Geschäftsbetrieb;53.47074;9.9380801
Q2551829;Wasserturm Ohlsdorfer Friedhof;Wasserturm;53.61977778;10.04988889
Q14906989;Krohnstiegtunnel;Straßentunnel;53.647735;9.9817121
Q108922262;Schule Fischbeker Moor;Schulgebäude;53.47397;9.83728
Q1912003;Schule Bahrenfelder Steindamm;Schulgebäude;53.5678526;9.9118726
Q732030;Asklepios Klinikum Harburg;Krankenhaus;53.460393;9.949247
Q26794477;Theater das Zimmer;Theatergebäude;53.549702;10.089395
Q109673843;Haus Warwisch;Kinder- und Jugendfreizeiteinrichtung;53.42702;10.13221
Q65999288;Gymnasium Dörpsweg;Schulgebäude;53.608501;9.9129907
Q19601658;Bahnhof Hörgensweg;Bahnhof;53.617118;9.903541
Q106766943;Schule Angerstraße 7;Schulgebäude;53.55962;10.03012
Q67776584;Rudolf-Roß-Grundschule;Schulgebäude;53.5525;9.97815
Q26794478;Theater in der Washingtonallee;Theatergebäude;53.549702;10.089395
Q1425902;St. Erich;Filialkirche;53.53611111;10.03805556
Q15041844;Atlantic-Haus;Bürogebäude;53.547605;9.967357
Q15134723;Weißes Haus von Nienstedten;Villa;53.548232;9.856119
Q58443136;Zum Goldenen Handschuh;Kneipe;53.550014;9.961129
Q1598632;Mellingburg;Burg;53.669722;10.096389
Q80226331;Berliner Tor;Bahnhof;53.55277778;10.02444444
Q101552579;Schule Surenland;Schulgebäude;53.614;10.10605
Q15854588;Wilhelmsburger Krankenhaus Groß-Sand;Krankenhaus;53.5047106;9.986061
Q98520138;;;53.568293;9.988953
Q34378793;CinemaxX Wandsbek;Kino;53.5726;10.06655
Q107100416;Museumstraße 15-19;Gebäude;53.54817;9.93427
Q89565071;Schule Frohmestraße;Schulgebäude;53.63238;9.91964
Q109300963;Freiwillige Feuerwehr Hausbruch;Freiwillige Feuerwehr;53.47218;9.87542
Q2466059;U-Bahnhof Saarlandstraße;U-Bahnhof;53.58888889;10.0325
Q14540885;U-Bahnhof Fuhlsbüttel Nord;U-Bahnhof;53.63972222;10.01666667
Q100542670;Kurt-Juster-Schule;Schulgebäude;53.61372;10.02122
Q60024528;Gymnasium Buckhorn;Schulgebäude;53.6648;10.15123
Q1558081;Gymnasium Bornbrook;Schulgebäude;53.50777778;10.19472222
Q106917236;Radarturm Neuwerk;Radarturm;53.92482;8.48845
Q107711128;Schule Eulenkrugstraße;Schulgebäude;53.64386;10.18383
Q16220834;Bahnhof Eidelstedt Zentrum;Bauwerk;53.60997;9.90154
Q2552774;Wattyhaus;Kontorhaus;53.55;9.99866667
Q106646678;Stadtteilschule Bergstedt;weiterführende Schule;53.67193;10.13706
Q12307568;Benedikte-Kirche;Kirchengebäude;53.54662;9.97762
Q1821417;Leuchtturm Estemündung;Leuchtturm;53.53579444;9.79151389
Q1355745;Erlöserkirche;Kirchengebäude;53.60777778;10.11166667
Q1285521;Tanzende Türme;Wolkenkratzer;53.54961111;9.96816667
Q89194014;Schule Fährstraße;Schulgebäude;53.51663;9.981
Q2551788;Wasserturm Hamburg-Rothenburgsort;Turm;53.53194444;10.04183333
Q102163472;Stiftstraße 69;Schulgebäude;53.55481;10.02142
Q1532074;Soul Kitchen;Halle;53.512209;9.982679
Q275505;U-Bahnhof Messehallen;U-Bahnhof;53.55777778;9.97666667
Q15126115;Rieckhof;Kulturzentrum;53.457815;9.985791
Q28375608;Unterfeuer Altenwerder;Leuchtturm;53.49645;9.9399333333333
Q1573128;Hamburger Seemannskirchen;Kirchengebäude;53.54603889;9.975135
Q111441117;Kirchdorfer Straße 166;Gebäude;53.4875;10.01666
Q105672529;Schule Brekelbaums Park 6;Schulgebäude;53.55368;10.03509
Q105797772;Horner Warteschule;Schulgebäude;53.55219;10.08154
Q663740;Neuer Elbtunnel;Straßentunnel;53.54083;9.9175
Q114237850;Rainvilleterrasse 4;Gebäude;53.54588;9.93048
Q4016141;U-Bahnhof Volksdorf;U-Bahnhof;53.65055556;10.16305556
Q2328173;Stadtteilschule Winterhude;Schulgebäude;53.58721111;10.02751111
Q102809670;Schule Francoper Straße;Schulgebäude;53.47491;9.86491
Q1626887;Volksschule Seilerstraße;Schulgebäude;53.55026;9.96362
Q2499121;Untersuchungshaftanstalt Hamburg;Gefängnis;53.558087;9.978982
Q23893802;Nobelshof;Gebäude;53.54651;9.9962
Q1719371;KZ Fuhlsbüttel;Konzentrationslager;53.6225;10.01888889
Q106528024;Schule Wildschwanbrook;Schulgebäude;53.62813;10.17071
Q800881;Bahnhof Hamburg Klosterthor;Kopfbahnhof;53.549722;10.006667
Q54339437;Paul-Gerhardt-Kirche;Kirchengebäude;53.6;10.005555555555556
Q1407367;Fernsprechamt Schlüterstraße;Gebäude;53.56847222;9.98555556
Q1714381;Justizvollzugsanstalt Fuhlsbüttel;Justizvollzugsanstalt;53.62138889;10.02111111
Q2415813;Theater Istasyon;Theatergebäude;53.556411;9.94624
Q104533988;Schule Alsterredder;Schulgebäude;53.65887;10.09962
Q1558112;Gymnasium Farmsen;Schulgebäude;53.6125;10.10969
Q62998711;Channel Tower;Bürogebäude;53.463055555556;9.985
Q105675369;Schule Brekelbaums Park 10;Schulgebäude;53.55307;10.03664
Q56426010;Rudolf-Steiner-Schule Wandsbek;weiterführende Schule;53.6029;10.12647
Q109008225;Anton-Rée-Schule Allermöhe;Schulgebäude;53.4818;10.17368
Q26762925;Kinder-Hospiz Sternenbrücke;Kinderkrankenhaus;53.59019;9.753339
Q305682;Abaton;Kino;53.56777778;9.98194444
Q1694188;U-Bahnhof Merkenstraße;U-Bahnhof;53.5385;10.124
Q7886874;KZ Wittmoor;Konzentrationslager;53.6901;10.0674
Q1377140;Kirche des heiligen Prokop;orthodoxe Kirche;53.584201;9.946925
Q83705929;Schule Niekampsweg;Schulgebäude;53.60852;9.89666
Q106974451;Schule Friedastraße;Schulgebäude;53.57136;10.08435
Q98816419;Schule Weddestraße;Schulgebäude;53.54764;10.08665
Q1821415;Leuchtturm Ellerholzhafen;Leuchtturm;53.53165556;9.95544444
Q34379111;Savoy Filmtheater;Kino;53.55412;10.01417
Q34378662;Astoria Kino;Kino;53.57668;10.01997
Q826773;U-Bahnhof Meßberg;U-Bahnhof;53.547778;9.999722
Q96761865;Loki-Schmidt-Schule;Schulgebäude;53.55262;9.90247
Q108921122;Schule Heidrand;Schulgebäude;53.46558;9.86173
Q1025623;Café Keese (Hamburg);Diskothek;53.55014;9.96639
Q111264405;Sophienterrasse 1a;Gebäude;53.57659;9.99435
Q28078004;Bismarckbad;Hallenbad;53.552573;9.93379
Q106188068;Saseler Straße 21;Schule;53.62342;10.16306
Q101001904;Uhrmacherschule Altona;Schulgebäude;53.54932;9.93344
Q108566801;St. Bruder Konrad;Kirchengebäude;53.59468;9.85312
Q35191095;Südseehaus;Kontorhaus;53.551944444444;10.004166666667
Q23786826;Ehemaliges Dienstgebäude der Hamburger Landherrenschaften;Gebäude;53.548333333333;10.000833333333
Q34379156;Ufa-Palast;abgegangenes Bauwerk;53.55548;9.98881
Q111842998;Unterstufenhaus des Gymnasium Blankenese;Schulgebäude;53.561;9.80526
Q1742473;Kirchdorf Süd;Großwohnsiedlung;53.48472222;10.02066667
Q1318152;Leuchtturm Wittenbergen;Leuchtturm;53.56391667;9.75146111
Q95985256;Schule Klein Flottbeker Weg;Schulgebäude;53.55303;9.8834
Q110304632;Freiwillige Feuerwehr Neudorf;Freiwillige Feuerwehr;53.47198;10.07276
Q101243139;Schule Eschenweg;Schulgebäude;53.62615;10.01655
Q84311026;Schule Langenfort;Schulgebäude;53.59932;10.04878
Q47515301;KZ Hamburg-Steinwerder (Stülckenwerft);Konzentrationslager;53.5416;9.9576
Q106558963;Aueschule Finkenwerder;Schulgebäude;53.52766;9.88513
Q110400925;Studentenwohnheim Grindelallee;;53.56678;9.98186
Q22952556;Mehr!-Theater am Großmarkt;Örtlichkeit;53.543;10.017
Q94940977;Schule Fahrenort;Schulgebäude;53.6004;9.86978
Q106634425;Schule Kirchenheerweg;Schulgebäude;53.41178;10.19238
Q111127803;Schule Barlachstraße;Schulgebäude;53.45784;9.971
Q54268521;Elbschlosskeller;Kneipe;53.54972222222222;9.961388888888889
Q1340048;Leuchtturm Oberfeuer Blankenese;Leuchtturm;53.55602;9.81614
Q1036600;Carl-Schultze-Theater;Theatergebäude;53.54969;9.9592
Q45476599;SS-Baubrigade II, Hamburg;Konzentrationslager;53.549999;10
Q110699500;Schweinemarkt;Marktplatz;53.55134722222222;10.005341666666666
Q109657961;Emil Naucke's Varieté;abgegangenes Bauwerk;53.54918;9.96396
Q96050422;Schule Daimlerstraße;Schulgebäude;53.55914;9.92108
Q2142054;Reitbrooker Mühle;Holländerwindmühle;53.46709432;10.17200679
Q18619271;Bahnhof Mittlerer Landweg;S-Bahnstation;53.497777777778;10.131666666667
Q317901;Teufelsbrück;Yachthafen;53.547438;9.866077
Q65783704;Gymnasium Lohbrügge;Schulgebäude;53.50484;10.20745
Q89281413;Domschule St. Marien;Schulgebäude;53.55786;10.01454
Q106135763;Osterbekstraße 107;Schulgebäude;53.58451;10.03886
Q1475125;Horrorhaus;Bürogebäude;53.55636;10.01885
Q48756509;Neues Krematorium;Krematorium;53.623055555556;10.034444444444
Q102046697;Schule Binderstraße;Schulgebäude;53.56817;9.98441
Q1572885;Hamburg Cruise Center HafenCity;Kai;53.538624;9.997448
Q66438340;Wohnanlage Turmweg;Geschosswohnungsbau;53.57159;9.99053
Q98768912;Montessori-Schule Schäferkampsallee;Schulgebäude;53.56823;9.96767
Q110556378;Neubau am Geomatikum;Universitätsgebäude;53.56823;9.97321
Q15853621;Wandsbek Quarree;Einkaufszentrum;53.572658;10.06654
Q875365;Mariendom;Kathedrale;53.549255;9.997706
Q111142048;Reeseberg 8;katholische Bekenntnisschule;53.44979;9.98835
Q1398047;U-Bahnhof Wandsbek-Gartenstadt;U-Bahnhof;53.59255;10.07643
Q1331557;Imperial Theater;Theatergebäude;53.55005611;9.96746306
Q96075516;Schule Trenknerweg;Schulgebäude;53.54763;9.91047
Q15115581;Internierungslager Neuengamme;Internierungslager;53.43055556;10.23361111
Q91231682;Schule Karl-Arnold-Ring;Schulgebäude;53.48727;10.02212
Q28791184;Café Gnosa;Café;53.558888888889;10.012777777778
Q999939;Wasserturm Hamburg-Lokstedt;Wasserturm;53.59272222;9.96852778
Q108105466;Schule Bramfelder Dorfplatz;Schulgebäude;53.61475;10.07814
Q27478612;Landhaus Michaelsen;Einfamilienwohnhaus;53.56602;9.76403
Q83633421;Adolph-Schönfelder-Schule;Schulgebäude;53.57803;10.04752
Q111550318;Hellgrundweg 45;Berufsschule;53.58889;9.89117
Q99769207;Schule Rhiemsweg;Schulgebäude;53.55439;10.07515
Q80219284;Bahnhof Hamburg Jungfernstieg;Kreuzungsbahnhof;53.55361111;9.9925
Q1317770;Dovenhof;Kontorhaus;53.546966;9.997749
Q109348553;Schule Mittlerer Landweg;Schulgebäude;53.49906;10.13301
Q19312165;Zürichhaus;Bürogebäude;53.5479702;9.9950256
Q1390772;Fabrik;Kulturzentrum;53.55658333;9.92922222
Q106601450;Schule Brockdorffstraße;Schulgebäude;53.59545;10.16329
Q99769241;Schule Hauskoppelstieg;Schulgebäude;53.54126;10.10348
Q22341347;Bahnhof Hamburg-Tonndorf;Bahnhof;53.586394444444;10.123030555556
Q18816353;Grundwasserwerk Tonndorf;Wohngebäude;53.578837;10.107583
Q436110;Alte Post (Hamburg);Gebäude;53.55194444;9.99083333
Q2132641;Rathaus an der Trostbrücke;Rathaus;53.548571;9.992491
Q106811742;Grundschule Buckhorn;Schulgebäude;53.66512;10.14856
Q1275609;Allee-Theater;Opernhaus;53.55472222;9.94194444
Q92598718;Gorch-Fock-Schule;Schulgebäude;53.56428;9.8011
Q111440936;Bauernstegel 3;Schulgebäude;53.47908;10.05415
Q106758686;Schule Angerstraße 33;Schulgebäude;53.56139;10.03524
Q104161504;Schule Binnenfeldredder;Schulgebäude;53.50488;10.20659
Q107245637;Schule Nymphenweg;Schulgebäude;53.44058;9.97067
Q96176846;Staatliche Jugendmusikschule Hamburg;Musikschule;53.57193;9.99358
Q19851684;Generalkonsulat der Volksrepublik China in Hamburg;Generalkonsulat;53.54736111111111;9.878472222222221
Q16319382;Hamburg Cruise Center Steinwerder;Kai;53.529458;9.960379
Q19462857;Bahnhof Kornweg;S-Bahnstation;53.6325;10.054444444444
Q96376919;Kanalplatz 8 (Hamburg);Gebäude;53.466838;9.984711
Q1590384;Haus Neuer Wandrahm 10;Bürgerhaus;53.545352;9.996831
Q111203537;Berner Heerweg 187;Gebäude;53.60823;10.12062
Q106640704;Alte Schule Billwerder;Schulgebäude;53.50621;10.15971
Q19284723;Hammonia-Bad;Gebäude;53.569205;10.028667
Q96106972;Schule Osdorfer Weg;Schulgebäude;53.56784;9.89421
Q105516171;St. Annen;Kirchengebäude;53.680555;9.999388
Q101436371;Schwimmdock Dock 11;Schwimmdock;53.5425;9.956222
Q103868580;Schule Großlohering;Schulgebäude;53.60072;10.17862
Q18752621;Bahnhof Hamburg Rübenkamp;S-Bahnstation;53.606388888889;10.033055555556
Q109614236;Alten- und Pflegeheim Talita Kum;Schulgebäude;53.4453;10.22283
Q76164745;Hübner-Haus;Kontorhaus;53.552221;9.991404
Q111192002;Studentenwohnheim Billwiese;;53.49147;10.19205
Q826376;Radisson Blu Hotel Hamburg;Hotel;53.561666666667;9.9869444444444
Q636803;Archäologischer Wanderpfad in der Fischbeker Heide;Freilandmuseum;53.44035;9.85145
Q187286;Komödie Winterhuder Fährhaus;Privattheater;53.59375;9.994088
Q19963931;Helios Endo-Klinik Hamburg;Krankenhaus;53.5512268;9.9551637
Q7607259;Bahnhof Stellingen;S-Bahnstation;53.589444;9.918333
Q2465945;U-Bahnhof Joachim-Mähl-Straße;U-Bahnhof;53.62888889;9.94972222
Q102076317;Schwenckestraße 98-100;Schulgebäude;53.58046;9.95159
Q800872;Bahnhof Hamburg-Hammerbrook;S-Bahnstation;53.546389;10.023611
Q69811606;UCI Kinowelt Wandsbek;Kino;53.5873366;10.0971296
Q17353344;Alsterburg;Burg;53.55027771;9.99222183
Q1742778;Kirche am Rockenhof;Kirchengebäude;53.65083333;10.16472222
Q19686386;Hafenklang;Veranstaltungsort für Musikdarbietungen;53.544379;9.947823
Q111034798;Bramfelder Straße 157;Schulgebäude;53.5929;10.0575
Q101422124;Schule Berner Au;Schulgebäude;53.61973;10.12093
Q108016910;Volkshochschule Hamburg-Ost;Schulgebäude;53.6072;10.1198
Q5875382;Bahnhof Hochkamp;S-Bahnstation;53.561111;9.841944
Q100427343;Gebäude Sierichstraße 53;Schulgebäude;53.58155;10.00658
Q34378696;B-Movie;Kino;53.55437;9.96123
Q89885379;Schule Billbrookdeich;Schulgebäude;53.53265;10.10847
Q109884378;Residenz des japanischen Generalkonsuls in Hamburg;;53.58134;9.99846
Q28805437;Marco-Polo-Tower;Wohngebäude;53.5395;9.99277778
Q105564991;Schule Klotzenmoorstieg;Schulgebäude;53.61099;9.98246
Q111317620;Freiwillige Feuerwehr Francop;Freiwillige Feuerwehr;53.50578;9.87611
Q874288;St. Gertrud;Kirchengebäude;53.56722222;10.02777778
Q1382708;Osterkirche;Kirchengebäude;53.60972222;10.07388889
Q15807180;Ebenezer-Krankenhaus;ehemaliges Krankenhaus;53.57598;10.04806
Q1683402;Wandesburg;Burg;53.570543;10.069495
Q109689441;Lighthouse Zero;Wohngebäude;53.538401;10.004143
Q83613574;Schule Brucknerstraße 1;Schulgebäude;53.58283;10.03921
Q28375612;Ellerholz Unterfeuer;Leuchtturm;53.4957783;9.9445288
Q2804230;U-Bahnhof Alsterdorf;U-Bahnhof;53.60638889;10.01166667
Q19279028;Elbkaihaus;Gebäude;53.544332;9.935954
Q100741724;Ausschläger Elbdeich 3;Wohngebäude;53.5301;10.044380555555556
Q973440;Schibli-Tunnel;Eisenbahntunnel;53.525;10.077778
Q2466044;U-Bahnhof Rauhes Haus;U-Bahnhof;53.55416667;10.06611111
Q1718039;Tunnel Club;Diskothek;53.550405;9.966295
Q1821466;Leuchtturm Unterfeuer Blankenese;Leuchtturm;53.55769;9.79583
Q110315824;Freiwillige Feuerwehr Spadenland;Freiwillige Feuerwehr;53.48636;10.05435
Q110212326;Schule Billwerder Straße;Schulgebäude;53.49178;10.19395
Q23786547;Tiefbunker Kennedybrücke;Tiefbunker;53.557788888889;9.9966888888889
Q636943;Archäologisches Museum Hamburg und Stadtmuseum Harburg;archäologisches Museum;53.4591;9.9772
Q14551353;Dietrich-Bonhoeffer-Kirche (Hamburg-Rahlstedt);Kirchengebäude;53.61794444;10.14188889
Q34378644;Aladin Filmtheater;Kino;53.54919;9.96191
Q1742809;Kirche des heiligen Nikolaus;Kirchengebäude;53.56033333;10.04347222
Q2250978;Schule Tieloh;Schulgebäude;53.59283056;10.05175
Q96193592;Schule Lohkampstraße;Schulgebäude;53.61253;9.88777
Q108441163;Holstenwall 16, 17;Schulgebäude;53.55126;9.97503
Q98543042;Schule Hartsprung;Schulgebäude;53.60452;9.95791
Q111204014;Hohenwischer Straße 209;Schulgebäude;53.5079;9.85623
Q22940214;Anglo-German Club;Verein;53.57824;9.99908
Q878166;Trockendock Elbe 17;Trockendock;53.54166667;9.96305556
Q46337296;Kapelle 13;Kirchengebäude;53.62444;10.07725
Q113452573;Schule Heinrich-Helbing-Straße;Schulgebäude;53.59959;10.05626
Q106395065;Berufsschule Richardstraße;Berufsschule;53.57348;10.03503
Q34378763;Centraltheater;Kino;53.56816;9.9555
Q93446070;Studio Kino;Kino;53.557289;9.958468
Q98813571;Schule Hermannstal;Schulgebäude;53.55017;10.09529
Q439225;Altes Hafenamt Hamburg;Hotel;53.54152778;9.99557222
Q1794664;Museumshafen Oevelgönne;Museumshafen;53.54361111;9.91416667
Q4732127;Bahnhof Allermöhe;S-Bahnstation;53.490278;10.158333
Q826484;U-Bahnhof Stephansplatz;U-Bahnhof;53.55861111;9.98916667
Q1624677;Holiday Inn Hotel Hamburg;Hotel;53.53492;10.030195
Q34378729;Bambi Kino;Kino;53.55314;9.95774
Q18632070;U-Bahnhof Oldenfelde;U-Bahnhof;53.618113;10.129416
Q1674737;Israelitisches Krankenhaus Hamburg;Krankenhaus;53.60586111;9.99044444
Q19280108;Fölsch-Block;Gebäude;53.551143;9.994431
Q106684054;Schule Bekkamp;Schulgebäude;53.57454;10.14322
Q34379023;Metropolis Kino;abgegangenes Bauwerk;53.55628;9.98866
Q2494414;Unilever-Haus (HafenCity);Unternehmensstandort;53.539083333333;9.9933888888889
Q28375610;Oberfeuer Altenwerder;Leuchtturm;53.49506;9.939997
Q114057362;Schule Eilbektal;Schulgebäude;53.57291;10.04874
Q96745681;Schule am Altonaer Volkspark;Schulgebäude;53.59076;9.88383
Q1431799;Werk- und Zuchthaus;Zuchthaus;53.552305;9.996748
Q97058829;Villa Jako;Gebäude;53.5614;9.80346
Q2804233;U-Bahnhof Burgstraße;U-Bahnhof;53.5555107;10.0417534
Q110214746;Reinbeker Weg 35;Schulgebäude;53.49102;10.22017
Q96323882;Schule Friedrichstraße;Schulgebäude;53.54733;9.95884
Q105085490;Schule Carsten-Rehder-Straße;Schulgebäude;53.54578;9.9484
Q1087323;Christuskirche;Kirchengebäude;53.558596;10.046588
Q684932;Rote Flora;Autonomes Zentrum;53.56199;9.9615
Q66103050;Goldbek-Schule;Schulgebäude;53.58602;10.01099
Q18629236;Gartenhaus Fontenay;Gebäude;53.56335;9.994811
Q69076297;Reisners Ballsäle;Mehrzweckhalle;53.57196;10.06962
Q113499777;Freiwillige Feuerwehr Sasel;Freiwillige Feuerwehr;53.65485;10.11046
Q114438567;Proviantamt Bahrenfeld;Gebäude;53.564612;9.91295
Q1821722;Levantehaus;Gebäude;53.55119444;10.00291667
Q106393914;Garstedter Weg 9;Herrenhaus;53.6202;9.95319
Q2237848;Schlachthof Hamburg;Schlachthof;53.56111111;9.96886944
Q69065727;Kleine Komödie;Theatergebäude;53.55097;9.98871
Q2231068;Schanzenturm;Turm;53.56472222;9.97055556
Q1450388;Franziskus-Kolleg;Studentenwohnheim;53.569635;9.977573
Q108308191;Schule Scheeßeler Kehre;Schulgebäude;53.42669;9.98713
Q316207;Universitätsklinikum Hamburg-Eppendorf;Universitätsklinikum;53.591389;9.976667
Q108566867;St. Marien;Kirchengebäude;53.550871;9.925228
Q15851862;U-Bahnhof Langenhorn Nord;U-Bahnhof;53.6608;10.0175
Q18286166;Algenhaus;Haus;53.496714;10.001334
Q1567914;Hafenbahnhof Hamburg Süd;Hafenbahnhof;53.525;9.99166667
Q107143114;Geomatikum;Universitätsgebäude;53.568278;9.973861
Q1268327;Stadtcafé Ottensen;Gebäude;53.554137;9.919651
Q1009270;Bundeswehrkrankenhaus Hamburg;Kulturdenkmal in Deutschland;53.594478;10.07599
Q15814503;Haus Rödingsmarkt 60;Haus;53.54827;9.98668
Q61637402;Civa-Varieté;abgegangenes Bauwerk;53.54751;9.96712
Q86828354;FilmRaum;Kino;53.579832;9.942569
Q1590042;Haus Deichstraße 53;Gebäude;53.5452;9.9868
Q106519847;Berufsschule Dratelnstraße 24;Schulgebäude;53.50035;10.00354
Q109730513;Horster Damm 170;Schulgebäude;53.45544;10.28412
Q1383885;Altonaer Bahnwasserturm;Wasserturm;53.56019444;9.93488889
Q19275580;Boehn-Kaserne;Kaserne;53.602061;10.13686
Q96376285;Am Sandtorkai 1;Gebäude;53.544054;9.996341
Q897345;Brahms Kontor;Kontorhaus;53.55472222;9.97916667
Q1381959;St. Joseph;Pfarrkirche;53.573292;10.07442
Q2098738;Plattenhaus Poppenbüttel;Gebäude;53.652854;10.088453
Q57759634;Delphi Showpalast;Nachtclub;53.5658;9.95807
Q101088155;Süderschule;Schulgebäude;53.64463;10.01379
Q383118;Mojo Club;Diskothek;53.54944444;9.96777778
Q105762318;Schule Friedrich-Frank-Bogen;Schulgebäude;53.49273;10.1789
Q2151985;U-Bahnhof Osterstraße;U-Bahnhof;53.57625;9.95166667
Q1375224;Europa Passage;Einkaufszentrum;53.55136;9.99638
Q108528345;Hochbunker Rethedamm;Luftschutzbunker;53.50537;9.9668
Q28836438;Jerusalem-Kirche (Hamburg);Kirchengebäude;53.569333;9.967
Q30193257;Colosseum;Gebäude;53.485445;10.213042
Q1422348;St. Lukas;Kirchengebäude;53.63416667;10.01888889
Q82687136;Tiefbunker Berlinertordamm;Luftschutzbunker;53.553333333333335;10.026388888888889
Q96943612;Familienbad Ohlsdorf;Schwimmbad;53.621562;10.030751
Q107446173;Am Baum 1;Schulgebäude;53.4878;10.21851
Q90262047;Katholische Schule Harburg;Schulgebäude;53.45791;9.96996
Q108198266;Grundschule am Kiefernberg;Schulgebäude;53.46058;9.95565
Q108544031;Feuerwache Rotherbaum;Feuerwehrhaus;53.56875;9.97543
Q877566;Bucerius Kunst Forum;Kunstmuseum;53.5507;9.99104
Q1481182;St. Pankratius;Pfarrkirche;53.5206;9.81072
Q6591260;U-Bahnhof Lattenkamp;U-Bahnhof;53.599889;9.994581
Q105734960;Schule am Park Mitte Altona;Schulgebäude;53.55981;9.93635
Q739392;Kabarett Mon Marthe;Cabaret;53.59555556;9.98361111
Q60977994;Große Freiheit 39;Gebäude;53.55114467;9.95788336
Q112277937;Allende-Platz 1;Universitätsgebäude;53.56725;9.98225
Q95996025;Stadtteilschule Blankenese;weiterführende Schule;53.5648;9.823
Q111131068;Haus am Feuerteich;Schulgebäude;53.43584;9.96459
Q100695339;Schule Gropiusring;Schulgebäude;53.6145;10.05647
Q101419944;Schule Lienaustraße;Schulgebäude;53.62924;10.12604
Q114152333;Lürader Weg 1;Gebäude;53.43563;9.96448
Q21561366;Alter Leuchtturm Pagensand-Süd;Leuchtturm;53.54405;9.91458
Q33189243;Feuerschiff LV 13;Feuerschiff;53.5435;9.9788
Q732086;Asklepios Westklinikum Hamburg;Krankenhaus;53.5821953;9.777424
Q3786232;U-Bahnhof Hoheluftbrücke;U-Bahnhof;53.5775;9.97583333
Q108892593;Schule Lange Striepen;Schulgebäude;53.47686;9.88597
Q799877;St. Marien;Kirchengebäude;53.62222222;10.02694444
Q96324153;Schule Budapester Straße;Schulgebäude;53.55497;9.96624
Q34379197;Zeise Kinos;Kino;53.55403;9.92741
Q112571536;Burstahhof;Gebäude;53.548469;9.989365
Q112127919;Feuer- und Rettungswache Wandsbek;Feuerwehrhaus;53.58448;10.11813
Q108566795;Kirche am Albertinenkrankenhaus;Kirchengebäude;53.630516;9.90449
Q65966927;Schule Ehestorfer Weg;Schulgebäude;53.45583;9.95111
Q21042054;Theater 53;Theatergebäude;53.562354;10.036316
Q39099864;Logenhaus der Vereinigten fünf Hamburgischen Logen;Gebäude;53.557;9.987
Q1103179;Club de Sade;Nachtclub;53.5473999;9.9604194
Q14531344;Zur Ritze;Kneipe;53.550081;9.959369
Q2305971;Sozialtherapeutische Anstalt Hamburg-Bergedorf;Sozialtherapeutische Anstalt;53.49011111;10.21055556
Q69071263;Köllisch's Lachbühne;abgegangenes Bauwerk;53.54925;9.96437
Q96654782;Schule Schierenberg;Schulgebäude;53.62376;10.14787
Q108900958;Schule Ohrnsweg;Schulgebäude;53.47111;9.81679
Q19964020;Monsun-Theater;Theatergebäude;53.5549202;9.92768955
Q70585725;S-Bahnhof Hamburg-Altona;S-Bahnstation;53.551944444444445;9.935
Q18287379;Haus Kornweg 17E;Gebäude;53.633903;10.053511
Q18748620;Bahnhof Hamburg-Hausbruch;ehemaliger Bahnhof;53.472483829676;9.8936015367508
Q111843099;Freiwillige Feuerwehr Nienstedten;Freiwillige Feuerwehr;53.55321;9.84894
Q19572665;Bahnhof Wellingsbüttel;S-Bahnstation;53.641111;10.0825
Q2466015;U-Bahnhof Niendorf Markt;U-Bahnhof;53.61972222;9.95152778
Q56425985;Rudolf-Steiner-Schule Nienstedten;Schulgebäude;53.5492;9.85639
Q14548756;Künstlerhaus Sootbörn;Künstlerhaus;53.61561111;9.95444444
Q104057104;Schule Schimmelmannstraße;Schulgebäude;53.57112;10.10276
Q18006488;Rüschkanal;Yachthafen;53.536283;9.856324
Q113732719;Freiwillige Feuerwehr Billstedt-Horn;Freiwillige Feuerwehr;53.55669;10.10186
Q91915341;Schule Zeidlerstraße;Schulgebäude;53.51079;9.99523
Q15058336;O’Swaldkai;Hafen;53.531087;10.004868
Q106689374;Schule Charlottenburger Straße;Schulgebäude;53.58671;10.14291
Q106314947;Musikpavillon Planten un Blomen;Pavillon;53.562916666666666;9.980166666666667
Q110889393;Roßberg 33;Schulgebäude;53.56563;10.0503
Q1087320;Christuskirche Othmarschen;Pfarrkirche;53.55338889;9.89261111
Q1797131;Künstlerhaus Hamburg;Künstlerhaus;53.56636389;9.96533056
Q97988328;Flüggerhaus;Bürogebäude;53.547219444444444;9.986661111111111
Q38967434;Logenhaus;Gebäude;53.56412;9.98656
Q1158671;Dammtor;Stadttor;53.56194444;9.99083333
Q28499884;Hospital St. Georg;ehemaliges Krankenhaus;53.556111111111;10.007777777778
Q106641512;Schule Redderbarg;Schulgebäude;53.6811;10.10338
Q105728688;Schule Ahrensburger Weg 30;Schulgebäude;53.65334;10.17381
Q18629535;Ohlendorff'sche Villa;Wohngebäude;53.64844;10.166094
Q104247467;St. Olaf;Kirchengebäude;53.553583;10.098222
Q108923231;Schule Neuwiedenthaler Straße;Schulgebäude;53.47616;9.86489
Q104216876;Ochsenwerder Kirchenschule;Schulgebäude;53.4743;10.08239
Q639118;Internationaler Seegerichtshof;Gerichtsgebäude;53.551111111111;9.8508333333333
Q30269874;Evangelisches Krankenhaus Alsterdorf;Gesundheitsorganisation;53.614181;10.024453
Q732061;Asklepios Klinik Wandsbek;Krankenhaus;53.569921;10.088453
Q94696233;Stadtteilschule Finkenwerder;Schulgebäude;53.53213;9.87541
Q2087984;Philipsturm;Turm;53.56130556;9.98055556
Q106225778;Schule Weidenstieg;Schulgebäude;53.57002;9.963
Q106631187;Schule Hübbesweg;Schulgebäude;53.55379;10.06104
Q106574696;Schule am Baakenhafen;Schulgebäude;53.53776;10.01355
Q2244736;Schlosswerft;Werft;53.46777778;9.98722222
Q106857273;Max-Brauer-Allee 134;Krankenhausgebäude;53.55697;9.94673
Q79122670;Schule St. Nikolai;Schulgebäude;53.58887;9.98384
Q86607734;Blankeneser Kino;Kino;53.559071;9.811224
Q107972747;Schule Traberweg;Schulgebäude;53.59703;10.10111
Q2363470;U-Bahnhof Hagenbecks Tierpark;U-Bahnhof;53.59277778;9.94388889
Q84044645;Marie-Beschütz-Schule;Schulgebäude;53.59318;9.98564
Q15851861;U-Bahnhof Langenhorn Markt;U-Bahnhof;53.6489;10.0172
Q19287874;Kesselhaus;Kesselhaus;53.5432849;9.9902469
Q101147276;Schule Lokstedter Damm;Schulgebäude;53.60724;9.97134
Q1572879;Hamburg Berliner Bahnhof;Bahnhof;53.5469;10.0089
Q101438779;Jugend-Europahaus;Institution;53.552324;10.074201
Q105808497;Schule Heidhorst;Schulgebäude;53.51671;10.1693
Q108749847;Schule Luruper Hauptstraße;Schulgebäude;53.59055;9.87292
Q1535030;Golden Pudel Club;Nachtclub;53.54611111;9.95777778
Q104537516;Hansa-Filmstudio;Kino;53.49341;10.207383
Q105221992;Hochbunker August-Lütgens-Park;Hochbunker;53.55687;9.94898
Q1943691;Molotow (Musikclub);Veranstaltungsort für Musikdarbietungen;53.550112;9.956541
Q108303627;Cuxhavener Straße 566;Gebäudekomplex;53.46812;9.80993
Q107938369;Schule An den Teichwiesen;Schulgebäude;53.64989;10.14858
Q1555405;Gustaf Adolfskyrkan;Kirchengebäude;53.5457;9.9733
Q113977016;Goetheallee 5-7;;53.55406;9.93831
Q109639242;Moorfleeter Deich 408;Schulgebäude;53.48965;10.094
Q102280446;Schule Kirchwerder;Schulgebäude;53.42058;10.20306
Q69087081;Tonhalle August Heiden;Veranstaltungsort für Musikdarbietungen;53.55218;9.98813
Q21036369;Kellertheater Hamburg;Veranstaltungsort;53.55479;9.97911
Q1455043;St. Nicolai;Pfarrkirche;53.42944444;10.26972222
Q28436264;Kirche der Stille (Altona);Kirchengebäude;53.558444;9.9465
Q108285186;Wandsbeker Chaussee;S-Bahnstation;53.56941;10.06019
Q104902154;Annenstraße 3;Wohngebäude;53.55407;9.96374
Q732056;Asklepios Klinik St. Georg;Krankenhaus;53.559049;10.01802
Q106600812;Schule Paracelsusstraße;Schulgebäude;53.59755;10.13738
Q15850587;Theater an der Elbe;Musical-Theater;53.539778;9.974779
Q800291;Bahnbetriebswerk Hamburg-Altona;Bahnbetriebswerk;53.561418;9.934371
Q109653490;Kirchwerder Landweg 2;Kindergarten;53.46247;10.19824
Q105079569;Schule Bernstorffstraße;Schulgebäude;53.55918;9.95803
Q107136547;Schule Göhlbachtal;Schulgebäude;53.45486;9.9642
Q100346301;Schulstandort Neumoorstück;Schulgebäude;53.47854;9.86762
Q3392985;Außenalster;Stausee;53.565;10.01
Q9187671;Gnadenkirche;orthodoxe Kirche;53.557594;9.976072
Q5353739;Bahnhof Hamburg Elbgaustraße;S-Bahnstation;53.6025;9.893611
Q45476759;Lager Dessauer Ufer;Konzentrationslager;53.523651;10.008609
Q69417215;Moulin Rouge;ehemalige Entität;53.54991;9.96423
Q34474443;Radiant Kino;Kino;53.58432;10.04854
Q106223142;Schule Moorkamp;Schulgebäude;53.56977;9.96637
Q83784643;Grundschule Sachsenweg;Schulgebäude;53.64113;9.96018
Q83852784;Schule Ballerstaedtweg;Schulgebäude;53.61193;10.03408
Q96621117;Schule Lutterothstraße 78-80;Schulgebäude;53.58192;9.94644
Q190383;Zentraler Omnibusbahnhof Hamburg;Busbahnhof;53.55194444;10.01147222
Q28979062;Domstift Hamburg;religiöse Gemeinschaft;53.549255;9.997706
Q1093777;City-Center Bergedorf;Einkaufszentrum;53.48824;10.208935
Q2465914;U-Bahnhof Hammer Kirche;U-Bahnhof;53.55555556;10.055
Q113452723;Schule Eenstock;Schulgebäude;53.60539;10.09397
Q108093858;Sasel-Haus;Kulturzentrum;53.65464;10.10994
Q2648548;Allerheiligenkirche;Kirchengebäude;53.48048;9.87082
Q18173158;Bahnhof Hamburg-Bergedorf Süd;Bahnhof;53.483432;10.212572
Q94575952;Schule Snitgerreihe;Schulgebäude;53.55687;10.0729
Q19259073;Alte Oberpostdirektion;Gebäude;53.55752;9.9873
Q28375614;Ellerholz Oberfeuer;Leuchtturm;53.4949294;9.9448668
Q3997085;U-Bahnhof Trabrennbahn;U-Bahnhof;53.59805556;10.10194444
Q100803977;Hochbunker Allende-Platz;Luftschutzbunker;53.56791;9.98282
Q105856349;Schule An der Twiete;Schulgebäude;53.50284;10.2024
Q105101676;Thedestraße 101;Schulgebäude;53.55496;9.94955
Q106362973;Schule Kielkoppelstraße;Schulgebäude;53.58763;10.17011
Q78491795;St. Bernard;Kirchengebäude;53.655227;10.098648
Q109593398;Alte Schule Reitbrook;Schulgebäude;53.46771;10.14798
Q110103408;Schule Sieker Landstraße;Schulgebäude;53.60635;10.1708
Q425622;Ehemalige Hauptkirche St. Nikolai;Mahnmal;53.5475;9.9905555555556
Q46017491;Theater „Haus im Park“;Theatergebäude;53.48912;10.21899
Q107972775;Schule Tegelweg;Schulgebäude;53.6013;10.1089
Q56426045;Rudolf-Steiner-Schule Altona;Schulgebäude;53.55049;9.92185
Q100543458;Robert-Koch-Schule;Schulgebäude;53.61496;10.02051
Q23984396;Cremonhaus;Kontorhaus;53.545555555556;9.9886111111111
Q317455;Oper am Gänsemarkt;Theatergebäude;53.555;9.98833333
Q96375006;Willy-Brandt-Straße 47 (Hamburg);Gebäude;53.547196;9.996292
Q108433749;Sandwisch 66;Schulgebäude;53.5122;10.08421
Q15103466;U-Bahnhof Buchenkamp;U-Bahnhof;53.6529168;10.1851152
Q69392493;Schulstandort Poppenbüttler Stieg;Schulgebäude;53.64521;10.05078
Q92385985;Bugenhagenschule Hamm;Schulgebäude;53.56154;10.06047
Q105103286;Virchowstraße 80;Schulgebäude;53.55536;9.94868
Q108368052;Röbbek 4;Schulgebäude;53.56724;9.87703
Q109406407;St. Thomas Morus;Kirchengebäude;53.592839;9.936237
Q110776250;Grundschule Poppenbüttel;Schulgebäude;53.6589;10.08052
Q34378841;Filmeck Lichtspielhaus;abgegangenes Bauwerk;53.49099;10.20751
Q107389814;Berufsschule Reichsbahnstraße;Schulgebäude;53.59996;9.90697
Q19309458;Stadtlagerhaus;Mehrfamilienwohnhaus;53.5443537;9.950172
Q1567944;Hafenkrankenhaus;ehemaliges Krankenhaus;53.5475;9.96944444
Q26951150;Altes Zollhaus;Gebäude;53.54484;10.00333
Q30909571;Polnisches Generalkonsulat in Hamburg;Generalkonsulat;53.60955;10.053624
Q98930377;Schule Rahewinkel;Schulgebäude;53.52773;10.15366
Q881793;Herrenhaus Wellingsbüttel;Herrenhaus;53.6427;10.0716
Q105547318;Campus Hebebrandstraße;Schulgebäude;53.60793;10.02949
Q107997406;Stadtbahnstraße 8;Kindergarten;53.65437;10.10914
Q51920;Theater im Zimmer;Theatergebäude;53.57339;9.997
Q34378891;Harmonie Lichtspiele;Kino;53.57121;10.06314
Q97156170;Euler-Hermes-Hochhaus;Bürogebäude;53.559555555555555;9.914669444444444
Q209340;U-Bahnhof HafenCity Universität;U-Bahnhof;53.540505;10.008515
Q62056757;Villa Rücker;Landhaus;53.553656;10.065986
Q106600402;Schule Am Sooren;Schulgebäude;53.59233;10.18007
Q108380256;Schule Musäusstraße;Schulgebäude;53.57977;9.81228
Q61310657;Christ-König-Kirche (Hamburg-Lokstedt);Kirchengebäude;53.597528;9.960639
Q106157100;Averhoffstraße 38;Schulgebäude;53.57078;10.02516
Q24287607;Wälderhaus;Museum;53.496124;10.003101
Q76416817;Katholische Bonifatiusschule;Schulgebäude;53.50488;9.98652
Q108545288;Kinder-UKE;Universitätsklinikum;53.59136111111111;9.980194444444445
Q28066612;Spiegel-Kantine;Kantine;53.55111111;10.00944444
Q1669916;Wasserburg Wilhelmsburg;Burg;53.47811667;10.01995
Q107177097;Schule Dempwolffstraße;Schulgebäude;53.45875;9.96419
Q1419819;Mennonitengemeinde zu Hamburg und Altona;Kirchengebäude;53.567126;9.948143
Q1428399;Fliegende Bauten Hamburg;Theatergebäude;53.551917;9.971556
Q19979483;Leuchtturm Julssand;Leuchtturm;53.621666666667;9.5561111111111
Q1259721;Fernmeldeturm Hamburg-Lohbrügge;Turm;53.499581;10.190611
Q108441185;Holstenwall 14, 15;Schulgebäude;53.55202;9.97569
Q106726848;Schule Jenfelder Straße;Schulgebäude;53.57672;10.13233
Q11722103;Thomaskirche (Meiendorf);Kirchengebäude;53.61916667;10.15858333
Q22320757;Haus Goldener Schwan (Hamburg);Gebäude;53.557;9.98897
Q105339076;Schule Hinrichsenstraße;Schulgebäude;53.56025;10.03679
Q1314255;Alstertal-Einkaufszentrum;Einkaufszentrum;53.65444444;10.09083333
Q1719265;KZ-Außenlager Hamburg-Wandsbek;Konzentrationslager;53.582778;10.108611
Q566812;Bahnhof Hamburg-Harburg;S-Bahnstation;53.456111;9.991667
Q34379126;Streit's Haus Filmtheater;Kino;53.55429;9.99042
Q1723929;Kirche Alt-Rahlstedt;Kirchengebäude;53.59666667;10.15055556
Q1021113;Bürgerhaus Koralle;Kulturzentrum;53.651574;10.163257
Q104120358;Schule Mendelstraße;Schulgebäude;53.50624;10.19331
Q2551785;Wasserturm Hamburg-Ochsenzoll;Wasserturm;53.67247222;10.01097222
Q93221607;Schule Zollenspieker;Schulgebäude;53.401;10.1851
Q104218681;Schule Karlshöhe;Schulgebäude;53.62697;10.11077
Q85515286;Schule Bahrenfelder Straße;Schulgebäude;53.5583;9.92688
Q75700820;KZ-Außenlager Neugraben;Konzentrationslager;53.460972;9.868171
Q34378970;Kurbel am Nobistor;Kino;53.55046111111111;9.954530555555555
Q34379042;Metropolis Kino;Kino;53.55626;9.98892
Q60798184;Thalia-Theater;abgegangenes Bauwerk;53.55183;9.99802
Q800878;Bahnhof Hamburg-Wilhelmsburg;S-Bahnstation;53.498889;10.006944
Q1233759;Docks;Nachtclub;53.54925;9.96452778
Q2466085;U-Bahnhof Wandsbek Markt;U-Bahnhof;53.57194444;10.06777778
Q100447920;Restaurant Randel;Gebäude;53.646737;10.087295
Q42231504;Vattenfall-Gebäude;Bürogebäude;53.607777777778;10.024722222222
Q1284900;Edith-Stein-Kirche;Filialkirche;53.48647;10.18055
Q896114;Congress Center Hamburg;Kongresszentrum;53.56166667;9.98694444
Q106434751;Schule Estebogen;Schulgebäude;53.52946;9.77438
Q72712047;Schule Krohnstieg;Schulgebäude;53.64765;10
Q105723288;Billwerder Billdeich 622;Schulgebäude;53.49375;10.18302
Q41804671;Reichspräsident-Ebert-Kaserne;Kaserne;53.575079;9.828107
Q2431819;Tiefbunker Steintorwall;Luftschutzbunker;53.5525;10.00583333
Q109329438;;Gebäude;53.54794;10.00011
Q107292980;Schule Marmstorf;Schulgebäude;53.43852;9.96397
Q34378777;CinemaxX Dammtor;Kino;53.55937;9.99074
Q102271786;Schulhaus Bogenstraße 59;Schulgebäude;53.57551;9.97065
Q19284327;Graf-Goltz-Kaserne;Kaserne;53.60780334;10.17427254
Q25392126;Zinnschmelze;Kulturzentrum;53.585805555556;10.044888888889
Q47515810;Bombensuchkommando Hamburg-Hammerbrook;Konzentrationslager;53.5451;10.0304
Q1821374;Leuchtfeuer Seemannshöft;Molenfeuer;53.54003611;9.87845833
Q101992297;Bundesstraße 41;Schulgebäude;53.56636;9.97813
Q1233681;U-Bahnhof Dehnhaide;U-Bahnhof;53.5792577;10.0408816
Q2152282;Riepenburg;Burg;53.4018;10.208
Q827247;U-Bahnhof Mönckebergstraße;U-Bahnhof;53.55121001;10.00137806
Q180052;U-Bahnhof Lohmühlenstraße;U-Bahnhof;53.556944;10.02
Q86717977;Koralle Kino;Programmkino;53.651583333333335;10.16325
Q91915261;Schule Perlstieg;Schulgebäude;53.50427;9.99394
Q106653464;Schule Bergstedt;Schulgebäude;53.6717;10.13302
Q1313918;Elisabethkirche;Kirchengebäude;53.6075;9.90944444
Q54918912;Überseering 35;Bürogebäude;53.604722222222;10.018333333333
Q75177199;Hamburg-Elbbrücken;S-Bahnstation;53.535;10.0249
Q88109495;Streits Filmtheater;Kino;53.55429;9.99042
Q2323379;St. Trinitatis;Hauptkirche;53.54833333;9.95027778
Q109829705;Kirchenhang 33;Schulgebäude;53.45437;9.95585
Q1719264;KZ-Außenlager Hamburg-Langenhorn;Konzentrationslager;53.672192;9.99293
Q47515847;KZ Hamburg-Rothenburgsort;Konzentrationslager;53.5432;10.0438
Q11722102;St. Johannis (Hamburg-Eppendorf);Kirchengebäude;53.5925;9.99333333
Q2375489;Synagoge Neuer Steinweg;Synagoge;53.550226;9.977675
Q2246310;Schmidt Theater;Theatergebäude;53.549154;9.963862
Q1382755;Müllverwertungsanlage am Rugenberger Damm;Müllverbrennungsanlage;53.52111053;9.9333334
Q2637460;Albert-Schweitzer-Gymnasium;Schulgebäude;53.62833333;10.03027778
Q30131236;Opernfactory;Theatergebäude;53.581666666667;10.106111111111
Q27943062;Kristall Tower;Wohnhochhaus;53.543965;9.944503
Q110151777;Alsterufer 27, 28;Gebäude;53.56214;9.99703
Q101843230;Schule Altengamme-Deich;Schulgebäude;53.42855;10.27045
Q34378993;Lichtmess;Kino;53.55622;9.93297
Q106345762;Schule Hüllenkamp;Schulgebäude;53.59375;10.15242
Q456499;Thalia Theater;Theatergebäude;53.55197222;9.99827778
Q25388618;Bullerei;Restaurant;53.563055555556;9.9661111111111
Q19460179;Bahnhof Alte Wöhr;S-Bahnstation;53.5975;10.035555555556
Q111129847;Schule Hastedtstraße;Schulgebäude;53.45685;9.97384
Q16220663;Bahnhof Iserbrook;S-Bahnstation;53.57642;9.81446
Q3783675;U-Bahnhof Hauptbahnhof Nord;U-Bahnhof;53.5545;10.0076
Q101477189;Berufsschule Hermelinweg;Schulgebäude;53.61509;10.11994
Q90669617;August-Hermann-Francke-Schule Bahrenfeld;Schulgebäude;53.56194;9.9077
Q108307610;Paul-Gerhardt-Kirche;lutherische Kirche;53.44613;9.98733
Q34378952;Kurbel am Jungfernstieg;abgegangenes Bauwerk;53.55318;9.99038
Q527274;Institut français Hamburg;Kulturzentrum;53.56752778;9.99225
Q108666003;Schule Zeughausmarkt;Schulgebäude;53.5489;9.97372
Q69496617;Ufa-Palast;abgegangenes Bauwerk;53.55581;9.98726
Q26794490;Theater in der Speicherstadt;Theatergebäude;53.543333333333;9.9902777777778
Q5454411;Fischbek;S-Bahnstation;53.4747;9.8195
Q98608629;Ansgarkirche (Hamburg-Othmarschen);Kirchengebäude;53.54959;9.90821
Q3964;Hamburger Hafen;Seehafen;53.54;9.98277778
Q1584937;Harburger Schloss;Schloss;53.46972222;9.98527778
Q107273539;Schule Sinstorfer Weg;Schulgebäude;53.43052;9.96975
Q110423143;DRK-Studentenwohnheim Bieberstraße;;53.56971;9.98476
Q1278151;Klinkerwerk;Gebäude;53.43055556;10.23361111
Q16218977;Müllverbrennungsanlage Stellinger Moor;Müllverbrennungsanlage;53.584916666666665;9.911777777777777
Q28978934;Franziskanerkloster Hamburg;religiöse Gemeinschaft;53.56783;10.0365
Q320225;Bahnhof Hamburg-Bergedorf;S-Bahnstation;53.48944444;10.20638889
Q108564266;Bürgerhaus Wilhelmsburg;Kulturzentrum;53.50036;9.99601
Q113996384;SchanzenKino 73;Programmkino;53.56238;9.96097
Q107453872;Schule Wentorfer Straße;Schulgebäude;53.48731;10.21778
Q108560081;Feuerwache Altona;Feuerwehrhaus;53.54969;9.94474
Q18577776;Wikipedia:Kontor Hamburg;Regionaler Wikimedia-Treffpunkt;53.547611111111;9.97995
Q15137841;Große Freiheit 36;Diskothek;53.551111111111;9.9580555555556
Q18121807;Dominikanerkloster St. Johannis (Hamburg);Kloster;53.57963889;10.03480556
Q110556904;Zentrum für Marine und Atmosphärische Wissenschaften;Universitätsgebäude;53.56768;9.97524
Q1452652;St. Johannis;Kulturdenkmal in Deutschland;53.55972222;9.95305556
Q105954837;Notkestraße 23;Kinder- und Jugendfreizeiteinrichtung;53.57286;9.88598
Q53140587;Umspannwerk Hamburg/Ost;Umspann- oder Schaltanlage;53.555;10.158055555556
Q69496480;Lessing-Theater;abgegangenes Bauwerk;53.55547;9.9888
Q42321557;U-Bahnhof Stoltenstraße;U-Bahnhof;53.556949;10.098597
Q106583155;Schule Islandstraße;Schulgebäude;53.62909;10.15912
Q109687028;Jugendzentrum Vierlanden;Kinder- und Jugendfreizeiteinrichtung;53.41135;10.1537
Q59689078;Dankeskirche (Hamburg-Hamm);Kirchengebäude;53.5475;10.0554
Q110627878;Schule Am Brink;Schulgebäude;53.48518;10.21725
Q5274507;Bahnhof Hamburg Diebsteich;S-Bahnstation;53.568611;9.933889
Q100326416;Ottensen;S-Bahnstation;53.55955;9.92703
Q104175547;Kirchenschule Allermöhe;Schulgebäude;53.48249;10.12972
Q110602302;Freiwillige Feuerwehr Curslack;Freiwillige Feuerwehr;53.44984;10.2216
Q1756884;Neue Flora;Musical-Theater;53.5625;9.95027778
Q84493875;Fritz-Köhne-Schule;Schulgebäude;53.5361;10.03973
Q96376709;Fleethaus Hamburg-Harburg;Gebäude;53.465793;9.986438
Q91915892;Schule Rahmwerder Straße;Schulgebäude;53.51252;10.01978
Q828953;BG Klinikum Hamburg;Krankenhaus;53.50666667;10.17652778
Q2466023;U-Bahnhof Ochsenzoll;U-Bahnhof;53.67805556;10.00138889
Q1270226;KZ-Außenlager Hamburg-Eidelstedt;Konzentrationslager;53.549999;10
Q22341410;Bahnhof Hamburg-Rahlstedt;Bahnhof;53.6048;10.15435
Q2466086;U-Bahnhof Wartenau;U-Bahnhof;53.56416667;10.03444444
Q1332356;Hammaburg;Burg;53.549866;9.997729
Q23774735;Segelflugplatz Boberg;Segelfluggelände;53.514722222222;10.144166666667
Q19963965;Kulturpalast Hamburg;Kulturzentrum;53.54199982;10.11060047
Q98842754;Schule Fuchsbergredder;Schulgebäude;53.56128;10.12165
Q104869958;Kleine Freiheit 68;Schulgebäude;53.55254;9.95729
Q322276;S-Bahnhof Jungfernstieg;S-Bahnstation;53.553611;9.9925
Q2465828;U-Bahnhof Alter Teichweg;U-Bahnhof;53.58666667;10.06444444
Q2466068;U-Bahnhof Sengelmannstraße;U-Bahnhof;53.609377;10.022001
Q34378680;Autokino Billbrook;abgegangenes Bauwerk;53.52341;10.09129
Q47504016;Altes Krematorium;Krematorium;53.6185277777778;10.0276388888889
Q109622645;Schule Curslack-Neuengamme;Schulgebäude;53.44821;10.21902
Q1607806;St. Peter;Kirchengebäude;53.60738889;9.97647222
Q1821467;Leuchtturm Unterfeuer Bubendey-Ufer;Leuchtturm;53.53975;9.88613
Q1572904;Hamburg Hannoverscher Bahnhof;Bahnhof;53.543083333333335;10.004722222222222
Q34379138;UCI Kinowelt Mundsburg;Kino;53.57145;10.02729
Q82293652;Villa Ohlendorff;Gebäude;53.556951;10.042204
Q110779079;Stapelfelder Straße 7;Schulgebäude;53.60588;10.1688
Q105687133;Schule Anckelmannstraße;Schulgebäude;53.55306;10.03273
Q96309242;Schule Querkamp;Schulgebäude;53.55623;10.10354
Q1339402;Emporio-Hochhaus;Bürogebäude;53.55583333;9.98333333
Q15805721;Facharztklinik Hamburg;Krankenhaus;53.588356;9.972861
Q109673231;Heinrich-Osterath-Straße 45;Schulgebäude;53.44388;10.16419
Q105836264;Schule Reinbeker Redder;Schulgebäude;53.51196;10.2056
Q19964010;St. Michael;Kirchengebäude;53.48277778;10.22527778
Q66001171;Dulsbergbad;Schwimmbad;53.58679;10.07282
Q2465936;U-Bahnhof Horner Rennbahn;U-Bahnhof;53.5539061;10.0850147
Q106976842;Schule Zitzewitzstraße;Schulgebäude;53.56237;10.0743
Q96481746;Schule Pröbenweg;Schulgebäude;53.5534;10.05052
Q63434071;Eurogate Container Terminal Hamburg;Containerterminal;53.527;9.912
Q108311059;Sinstorfer Kirchweg 2;Schulgebäude;53.4241;9.98007
Q34378806;City Lichtspietheater;Kino;53.55325;10.01078
Q109911663;Leinpfad 20;Gebäude;53.58246;9.99641
Q2319467;St. Johannis;Kirchengebäude;53.45777778;9.98111111
Q2363888;U-Bahnhof Schippelsweg;U-Bahnhof;53.63527778;9.9525
Q56425966;Rudolf-Steiner-Schule Harburg;weiterführende Schule;53.46099;9.8896
Q106421247;Schule Niendorfer Marktplatz;Schulgebäude;53.61778;9.9477
Q53224686;Umspannwerk Neuhof;Umspann- oder Schaltanlage;53.515833333333;9.9616666666667
Q19310793;Verlagsgebäude Gruner + Jahr;Bürogebäude;53.54528;9.979362
Q1417831;U-Bahnhof Sierichstraße;U-Bahnhof;53.59027778;10.00111111
Q113827709;Schule Löwenstraße;Schulgebäude;53.58721;9.97407
Q69353487;Eden-Theater;abgegangenes Bauwerk;53.54933;9.96521
Q91915307;Schule Rotenhäuser Straße;Schulgebäude;53.5059;9.99003
Q1795672;Köhlbrandwerft;Werft;53.514166666667;9.9355555555556
Q34378936;Kurbel am Berliner Tor;abgegangenes Bauwerk;53.55251;10.02007
Q7917951;Bahnhof Veddel (BallinStadt);S-Bahnstation;53.521667;10.013333
Q105723361;Berufsschule Billwerder Billdeich 614;Schulgebäude;53.49565;10.18149
Q98119872;Schule Archenholzstraße;Schulgebäude;53.54425;10.11929
Q19601667;Bahnhof Schnelsen;Bahnhof;53.634468;9.906561
Q2805292;S-Bahnhof Stadthausbrücke;S-Bahnstation;53.549167;9.986389
Q15125729;Rialto Lichtspiele;Kino;53.518317;9.983968
Q18619282;Bahnhof Nettelnburg;S-Bahnstation;53.487777777778;10.181111111111
Q109877868;Villa Troplowitz;Villa;53.58082;10.00003
Q89580733;Schule Röthmoorweg;Schulgebäude;53.6275;9.92476
Q2375432;Synagoge Hohe Weide;Synagoge;53.573034;9.969154
Q69997193;Schulstandort Holstenhof;Schulgebäude;53.56657;10.1044
Q2234047;Schewes Achim;Synagoge;53.572355;10.039417
Q1014710;Burg auf dem Süllberg;Burg;53.55964999;9.80086148
Q1128491;Containerterminal Altenwerder;Containerterminal;53.50388889;9.93416667
Q15076918;U-Bahnhof Fuhlsbüttel;U-Bahnhof;53.6325;10.0264
Q34378820;Emelka-Palast;Kino;53.57641;9.95048
Q110601972;Freiwillige Feuerwehr Allermöhe;Freiwillige Feuerwehr;53.48208;10.13086
Q106087772;Dennis’ Swing Club;Jazzclub;53.56646098419031;10.0191073486334
Q94400157;Katholische Schule Blankenese;Schulgebäude;53.56171;9.82258
Q111473612;Freiwillige Feuerwehr Moorwerder;Freiwillige Feuerwehr;53.47936;10.05324
Q834519;Kaiserkeller;Diskothek;53.551198;9.957932
Q16220800;Bahnhof Landwehr;S-Bahnstation;53.56093;10.03774
Q110824029;Studentenwohnheim Rahlstedt;Kaserne;53.60736;10.17544
Q108073349;;Einkaufszentrum;53.607184;9.90509748
Q90398717;Schule Kielkamp;Schulgebäude;53.57339;9.89971
Q102114376;Schule Schwenckestraße 91-93;Schulgebäude;53.57977;9.95038
Q104905077;Lichtmeß-Kino;Kino;53.556272;9.932928
Q71147090;Kapstadtring 2 und 4;Gebäudekomplex;53.60138888888889;10.029166666666667
Q101111269;Schule Koppel;Schulgebäude;53.55968;10.01324
Q1590849;Haus der Zukunft (Hamburg);Bürogebäude;53.57513889;9.95694444
Q105836621;Schule Weidemoor;Schulgebäude;53.51253;10.15948
Q826353;U-Bahnhof St. Pauli;U-Bahnhof;53.55027778;9.97
Q99769685;Schule Möllner Landstraße;Schulgebäude;53.53734;10.12037
Q96472977;Schule Laeiszstraße;Schulgebäude;53.55909;9.96967
Q800301;S-Bahn Werk Ohlsdorf;Lokomotivbahnhof;53.616072;10.03114
Q86218157;Schule An der Isebek;Schulgebäude;53.57555;9.96812
Q83847350;Schule Benzenbergweg;Schulgebäude;53.60094;10.04739
Q732023;Asklepios Klinik Barmbek;Krankenhaus;53.605815;10.036853
Q108566863;St. Johannis;Kirchengebäude;53.61096;10.06332
Q108133568;Schule Müssenredder;Schulgebäude;53.6547;10.06682
Q2551784;Wasserturm Groß Sand;Wasserturm;53.50344444;9.98505556
Q106832769;Hospitalstraße 109;Krankenhausgebäude;53.55646;9.94796
Q1947852;Moritz-Liepmann-Haus;Gebäude;53.56380556;9.95086111
Q800299;Bahnbetriebswerk Hamburg-Rothenburgsort;Bahnbetriebswerk;53.533611111111114;10.063333333333333
Q105582966;Schule Von-Moltke-Bogen;Schulgebäude;53.48633;10.16097
Q28499802;Gemeindehaus St. Michaelis;Gebäude;53.54862;9.98002
Q6456;Hamburg Hauptbahnhof;Fernbahnhof;53.552778;10.006389
Q113494406;Cuxhavener Straße 400;Schulgebäude;53.47281;9.84301
Q6453924;Bahnhof Königstraße;S-Bahnstation;53.548333;9.945556
Q106832145;Jenckelhaus;Krankenhausgebäude;53.55744;9.94839
Q77401082;Schule Ludwigstraße;Schulgebäude;53.55977;9.96584
Q114134042;Freiwillige Feuerwehr Pöseldorf;Freiwillige Feuerwehr;53.56456;9.9746
Q106468643;Schule Schwarzenbergstraße;Schulgebäude;53.46329;9.97475
Q72800715;Schule Ohkamp;Schulgebäude;53.63669;10.02193
Q53141282;Umspannwerk Hamburg/Süd;Umspann- oder Schaltanlage;53.487777777778;9.9086111111111
Q1550320;Gruenspan;Nachtclub;53.551728;9.958178
Q28171313;St. Anschar (Hamburg-Eppendorf);Kirchengebäude;53.59867;9.98236
Q1534110;Goethe-Gymnasium;Schulgebäude;53.5981;9.89216944
Q209371;U-Bahnhof Überseequartier;U-Bahnhof;53.54055556;9.99888889
Q105640713;Hochbunker Humboldtstraße;Hochbunker;53.57688;10.02167
Q14538517;Containerterminal Burchardkai;Containerterminal;53.53388;9.919109
Q108284931;Wandsbeker Chaussee;U-Bahnhof;53.56994;10.05809
Q1897895;Marienkrankenhaus Hamburg;Krankenhaus;53.55888889;10.03027778
Q16831759;Haus Speersort 12/14;Gebäude;53.550063;9.99848
Q1679407;St. Sophien;Pfarrkirche;53.57964303;10.03482118
Q69083864;Sagebiels Etablissement;Mehrzweckhalle;53.55541;9.98118
Q18670050;Bahnbetriebswerk Hamburg-Tiefstack;Lokomotivbahnhof;53.529348;10.072519
Q106521764;Sedanstraße 19;Universitätsgebäude;53.56923;9.97773
Q84411414;Schule auf der Veddel;weiterführende Schule;53.52683;10.01952
Q105674959;Bleickenallee 5;Schulgebäude;53.55043;9.92118
Q1545737;Meßberghof;Kontorhaus;53.54805556;10.00361111
Q66207487;Schule Ohlenkamp;Schulgebäude;53.56733;9.8864
Q101438840;Schule Hermelinweg;Schulgebäude;53.61379;10.1201
Q50038658;Martini-Klinik;Gesundheitsorganisation;53.592596;9.978525
Q15107426;Baumhaus;Konzerthaus;53.54388889;9.98166667
Q2465845;U-Bahnhof Borgweg;U-Bahnhof;53.59083333;10.015
Q66475528;Schule Lehmweg 14;Schulgebäude;53.58009;9.97723
Q3783676;U-Bahnhof Hauptbahnhof Süd;U-Bahnhof;53.5523;10.0098
Q106077335;Bergedorf-West;Großwohnsiedlung;53.49073;10.17806
Q94494786;Louise-Schroeder-Schule;Schulgebäude;53.55385;9.95019
Q879271;St. Johannis;Kirchengebäude;53.57083333;9.99333333
Q52690491;U-Bahnhof Berliner Tor;U-Bahnhof;53.553382;10.023099
Q2317633;St. Bonifatius;Pfarrkirche;53.57766667;9.95758333
Q1434349;Flussschifferkirche;Kirchenboot;53.54450833;9.98525278
Q18629237;Mittelweg 185;Gebäude;53.563197;9.9948
Q107762039;Altbau der Staats- und Universitätsbibliothek Hamburg;Schulgebäude;53.56424;9.98521
Q34379069;Polittbüro;Kino;53.55484;10.01461
Q1596400;Heinrich-Heine-Gymnasium;Schulgebäude;53.665;10.074305555555556
Q4842883;Bahnhof Bahrenfeld;S-Bahnstation;53.56;9.911389
Q108117975;Schule Flughafenstraße;Schulgebäude;53.64099;10.02279
Q96768845;Schule Franzosenkoppel;Schulgebäude;53.60813;9.8729
Q650270;Bahnhof Hamburg-Altona;S-Bahnstation;53.55194444;9.935
Q62665920;Versöhnungskirche (Hamburg-Eilbek);Kirchengebäude;53.572542;10.04767
Q800870;Bahnhof Hamburg-Barmbek;U-Bahnhof;53.586944;10.044722
Q69058138;Hamburg-Amerika-Bar;Bar;53.54916;9.96362
Q16220573;Bahnhof Sülldorf;S-Bahnstation;53.58106;9.79757
Q1793300;Kurt-Körber-Gymnasium;Schulgebäude;53.54149;10.12095
Q47515445;KZ Hamburg-Steinwerder (Blohm & Voss);Konzentrationslager;53.5463;9.9354
Q105170728;Virchowstraße 50;Schulgebäude;53.55289;9.94798
Q106371754;Grindelallee 117;Universitätsgebäude;53.56897;9.97904
Q28978939;Dominikanerkloster Hamburg;religiöse Gemeinschaft;53.550833;9.993056
Q2465965;U-Bahnhof Kellinghusenstraße;U-Bahnhof;53.588889;9.991111
Q109969508;Schule Von-Essen-Straße;weiterführende Schule;53.57629;10.0461
Q109744410;Schule Königstraße;Schulgebäude;53.5481;9.94678
Q91915328;Schule Rotenhäuser Damm;Schulgebäude;53.51129;9.99163
Q105714307;Schule Waitzstraße;Schulgebäude;53.55918;9.88017
Q26219754;Fleetschlösschen;Gebäude;53.544488888889;9.9979222222222
Q60643533;Friedrich-Ebert-Halle;Konzerthaus;53.46573;9.96531
Q1584947;Harburger Theater;Theatergebäude;53.45902778;9.97730556
Q94371090;Bugenhagenschule Blankenese;weiterführende Schule;53.56213;9.80741
Q105723401;Berufsschule Billwerder Billdeich 620;Schulgebäude;53.49459;10.18206
Q113160710;Deichtortunnel;Straßentunnel;53.547778;10.005556
Q39839480;Martin-Luther-King-Kirche (Steilshoop);Kirchengebäude;53.610159;10.059422
Q34378920;Jalousie Lichtspiele;Kino;53.58953;10.01345
Q17575230;H.O.M.E.-Studios;Tonstudio;53.574735;9.972924
Q28025256;Kreuzkirche Kirchdorf;Kirchengebäude;53.48722;10.01611
Q111049882;Schule Uferstraße 10;Schulgebäude;53.57097;10.03904
Q1087322;Christuskirche;Kirchengebäude;53.56972222;9.96166667
Q112183792;Alter Wall 38;Bürogebäude;53.55017;9.98957
Q111111667;PHNX CoLiving;Wohnung;53.455335;9.989879
Q106611695;Schule Hohnerkamp;Schulgebäude;53.6241;10.09263
Q98637369;Schule Steinadlerweg;Schulgebäude;53.55202;10.10694
Q2252910;U-Bahnhof Lutterothstraße;U-Bahnhof;53.58194444;9.9475
Q1480053;Nobistor;Stadttor;53.55;9.95611111
Q54418279;Heizwerk Barmbek;Heizwerk;53.603888888889;10.04
Q100695327;Schule Borchertring;Schulgebäude;53.61784;10.06167
Q1979473;Neue Burg;Niederungsburg;53.547543;9.99129
Q106634557;Schule Tatenberg;Schulgebäude;53.49604;10.07629
Q83365207;Bürogebäude Saarlandstraße 30;Bürogebäude;53.58759;10.03383
Q107390833;steeedt;Kulturzentrum;53.60738;9.90323
Q109707540;Ruschorter Hauptdeich 14;Schulgebäude;53.48764;10.05469
Q658720;U-Bahnhof Mundsburg;U-Bahnhof;53.57111111;10.0275
Q21036358;Katholisches Kinderkrankenhaus Wilhelmstift;Kinderkrankenhaus;53.586667;10.164444
Q2152075;U-Bahnhof Emilienstraße;U-Bahnhof;53.57166667;9.9525
Q19754183;Haus Große Reichenstraße 37;Gebäude;53.548257;9.995273
Q105755159;Schule Schulkamp;Schulgebäude;53.5526;9.847
Q312478;Konzentrationslager Neuengamme;NS-Konzentrationslager;53.427413;10.226254
Q1568436;Knust;Veranstaltungsort für Musikdarbietungen;53.5583085;9.96785581
Q28381828;Miramar-Haus;Kontorhaus;53.54901;9.99908
Q1540603;Goßlerhaus;Villa;53.56477778;9.80875
Q104223857;Westerschule Finkenwerder;Schulgebäude;53.5285;9.86318
Q96143243;Schule Kroonhorst;Schulgebäude;53.5889;9.84605
Q98590348;Viktoria-Kaserne;Kaserne;53.55875;9.94437
Q800176;Birdland;Jazzclub;53.5784;9.9624
Q62998758;Philemon-Kirche;Kirchengebäude;53.651392;10.067838
Q2801514;St. Bonifatius;Pfarrkirche;53.50438;9.9859
Q100699871;Ufa-Palast am Grindel;Kino;53.573145;9.977516
Q101246779;August-Hermann-Francke-Schule Farmsen;Schulgebäude;53.61493;10.11409
Q1308438;Hl. Dreieinigkeits-Kirche;Kirchengebäude;53.55638889;10.00777778
Q88271283;Tivoli-Theater;abgegangenes Bauwerk;53.5738858;9.9388728
Q15133960;Villa de Freitas;Villa;53.546021;9.883379
Q69417765;Casino de Paris;ehemalige Entität;53.55007;9.96602
Q108460429;Schule Armgartstraße;Schulgebäude;53.56513;10.02247
Q108566848;St. Antonius-Kirche;Kirchengebäude;53.599;9.99638
Q1164829;Danny’s Pan;Veranstaltungsort für Musikdarbietungen;53.55083333;10.02583333
Q93338233;Bugenhagenschule Groß Flottbek;Schulgebäude;53.57336;9.8692
Q105529142;Freiluftschule Wohldorf;Schullandheim;53.69787;10.12781
Q66592721;Schule Telemannstraße;Schulgebäude;53.57836;9.95284
Q16218469;St. Maximilian Kolbe;Filialkirche;53.49805556;10.01333333
Q94304450;August-Hermann-Francke-Schule Berne;Schulgebäude;53.62896;10.13334
Q15834412;Matthias-Claudius-Kirche;Kirchengebäude;53.60883331;10.1404171
Q1805180;Wasserturm Hamburg-Stellingen;Wohngebäude;53.58555556;9.93855556
Q93376730;Katholische Schule Farmsen;Schulgebäude;53.60735;10.12178
Q104776808;Schule Wohlwillstraße;Schulgebäude;53.55529;9.96306
Q69082639;Freilichtbühne im Stadtpark Harburg;Freilichtbühne;53.445175;9.973054
Q109347064;Boberger Furtweg 1;Pub;53.50686;10.16201
Q84562355;Schule Denksteinweg;Schulgebäude;53.57178;10.1321
Q1492309;Galleria;Passage;53.552917;9.988729
Q104916002;Helios-Theater;Kino;53.55046111111111;9.954530555555555
Q108199820;Schule Grumbrechtstraße;Schulgebäude;53.468472;9.95525
Q108899692;Schule Hausbrucher Bahnhofstraße;Schulgebäude;53.47418;9.89331
Q91021583;Schule Appelhoff;Schulgebäude;53.60667;10.05894
Q81332733;Flakturm IV;Flakturm;53.55638888888889;9.97
Q103918825;Schule Beltgens Garten;Schulgebäude;53.55345;10.04416
Q91442810;Grundschule Stübenhofer Weg;Schulgebäude;53.48319;10.01504
Q295927;AOK-Gebäude (Borgfelde);Bürogebäude;53.55756944;10.03895833
Q1719263;KZ-Außenlager Hamburg-Hammerbrook;Konzentrationslager;53.55075;10.02238889
Q106094995;Funkhaus an der Rothenbaumchaussee;Funkhaus;53.57633;9.9896
Q65998650;Martini-Klinik am UKE GmbH;Krankenhaus;53.591844;9.978825
Q21035551;Gut Höltigbaum;Villa;53.609773;10.190869
Q51916;Ernst Deutsch Theater;Kino;53.56932222;10.026275
Q108732863;Stadtteilschule Lurup;Schulgebäude;53.59033;9.86982
Q20170848;Filmburg;Kino;53.51237;9.98724
Q110149802;Mittelweg 113;Villa;53.57419;9.99431
Q1664496;Inselschule Neuwerk;Einklassenschule;53.91935;8.49022
Q93635083;Katholische Schule Altona;Schulgebäude;53.55936;9.95602
Q45476681;KZ Hamburg-Fuhlsbüttel;Konzentrationslager;53.6333;10.016699
Q106857351;Max-Brauer-Allee 136;Krankenhausgebäude;53.5575;9.947
Q110413539;Amalie-Dietrich-Haus;;53.56927;9.98504
Q108105595;Bramfelder Dorfplatz 1;Bürogebäude;53.61456;10.07663
Q617501;U-Bahnhof Hallerstraße;U-Bahnhof;53.57284444444444;9.988997222222222
Q19279595;Feuerwache Innenstadt;Feuerwehrhaus;53.54618;9.98253
Q107097470;Berufsschule Wendenstraße (BS 27);Schulgebäude;53.55021;10.04072
Q89656410;Julius-Leber-Schule;weiterführende Schule;53.62454;9.90385
Q2453546;Trinity;Diskothek;53.56600833;9.95818333
Q110776825;Schule Schulbergredder 21a;Schulgebäude;53.65913;10.07926
Q777866;Ausbesserungswerk Hamburg-Harburg;Gebäudekomplex;53.46083333;9.99361111
Q61658221;Stadttheater Harburg;Theatergebäude;53.46101;9.97361
Q113584048;Burg Rönneburg;Burg;53.435837;10.004852
Q105847196;Volkshochschule Leuschnerstraße;Schulgebäude;53.49749;10.20756
Q827583;U-Bahnhof Steinstraße;U-Bahnhof;53.55;10.00583333
Q15098644;U-Bahnhof Klein Borstel;U-Bahnhof;53.6278;10.0333
Q1325114;Elbe II;Bunker;53.52779;9.946795
Q96080443;Schule Schenefelder Landstraße;Schulgebäude;53.57729;9.82544
Q105957285;Schule Heidstücken;Schulgebäude;53.61586;10.093
Q18632090;Uhlenhorster Fährhaus;Gebäude;53.575111;10.006571
Q2604966;Zum Silbersack;Kneipe;53.5488627;9.95996475
Q28979084;Kollegiatstift Hamburg-Süllberg;religiöse Gemeinschaft;53.56783;10.0365
Q961913;Planetarium Hamburg;Planetarium;53.5972;10.0089
Q90818602;Schule Windmühlenweg;Schulgebäude;53.56699;9.87012
Q101110646;Schule Kellinghusenstraße;Schulgebäude;53.59047;9.99146
Q105728762;Schule Vörn Barkholt;Schulgebäude;53.65226;10.16691
Q100874534;Schule Tessenowweg;Schulgebäude;53.60915;10.02756
Q106653069;Rudolf-Steiner-Schule Bergstedt;Schulgebäude;53.67638888888889;10.135833333333334
Q663819;Flugplatz Hamburg-Finkenwerder;Fabrik;53.535833;9.836944
Q1417357;Fink II;Bunker;53.54138889;9.85444444
Q27925553;Prien-Haus;Kontorhaus;53.554703;9.990505
Q1312503;Jazzclub im Stellwerk;Jazzclub;53.456293;9.991656
Q1714358;Justizvollzugsanstalt Billwerder;Justizvollzugsanstalt;53.51111111;10.11194444
Q34379083;Radiant Filmtheater;Kino;53.44766;9.98908
Q800874;Bahnhof Hamburg-Langenfelde;S-Bahnstation;53.579444;9.930833
Q60747679;Volksoper Hamburg;Opernhaus;53.5503;9.96842
Q2132543;Rathaus Harburg;Rathaus;53.45944444;9.97972222
Q3266264;Bahnhof Reeperbahn;S-Bahnstation;53.5495;9.9558
Q1584382;U-Bahnhof Farmsen;U-Bahnhof;53.607222;10.117778
Q800876;Bahnhof Ohlsdorf;U-Bahnhof;53.620278;10.031389
Q1555234;Alma Hoppe;Cabaret;53.59305556;9.99266667
Q104776433;Schule Grabenstraße;Schulgebäude;53.56027;9.97342
Q110928593;Hochbunker Behringstraße;Luftschutzbunker;53.5543;9.92051
Q101436370;Schwimmdock Dock 10;Schwimmdock;53.543028;9.960667
Q98538735;Schule Isestraße;Schulgebäude;53.58364;9.99245
Q108429115;Altbau der Geschwister-Scholl-Schule;Schulgebäude;53.5909;9.85629
Q83797487;Schule am Eichtalpark;Schulgebäude;53.58157;10.09588
Q89758812;Schule Heidacker;Schulgebäude;53.61999;9.88972
Q2473531;Uebel & Gefährlich;Nachtclub;53.55655;9.96968
Q20754121;Christophorus-Kirche;Kirchengebäude;53.64416667;10.05205556
Q1821452;Leuchtturm Oberfeuer Bubendey-Ufer;Leuchtturm;53.53717;9.90078
Q60746643;Ballhaus Trichter;Ballsaal;53.54987;9.96819
Q27706;Flughafen Hamburg;internationaler Flughafen;53.630278;9.991111
Q436055;Alte Oberfinanzdirektion (Hamburg);Gebäude;53.54861111;9.98630556
Q1313651;Fleetstreet;Theatergebäude;53.548503;9.984298
Q246179;Bahnhof Hamburg-Harburg Rathaus;S-Bahnstation;53.46055556;9.98111111
Q106508942;Schule Steinfeldtstraße;Schulgebäude;53.54732;10.10127
Q108771846;Luruper Hauptstraße 132;Schulgebäude;53.59081;9.87392
Q105755871;Gaußstraße 51;Schulgebäude;53.55672;9.93246
Q800879;Bahnhof Hamburg Holstenstraße;Hochbahnhof;53.56194444;9.95027778
Q106765638;Schule Angerstraße 11;Schulgebäude;53.56041;10.03172
Q107358495;Schule Durchdeich;Schulgebäude;53.44844;10.13386
Q86828291;Spirituosen- und Likörfabrik Louis Hilke;Unternehmen;53.46352777777778;9.984333333333334
Q34378748;Blumenburg Kino;Kino;53.58233;9.97094
Q111600518;Sieberlingstraße 7;Gebäude;53.55138;9.84429
Q96376808;Kanalplatz 6 (Hamburg);Gebäude;53.466659;9.984652
Q835524;Theater im Hafen Hamburg;Musical-Theater;53.53995;9.973226
Q88885510;Schule Anna-Susanna-Stieg;Schulgebäude;53.642;9.91935
Q105510161;Trilluper Weg 3, 5;Schulgebäude;53.70692;10.1102
Q1573007;Hamburger Flaktürme;Wehrturm;53.50990278;9.98979167
Q113469856;Büschstraße 7;Bürogebäude;53.55598;9.98959
Q7769600;Top Ten Club;Diskothek;53.54975;9.959480555555556
Q89423737;Schule Hohe Landwehr;Schulgebäude;53.55711;10.04187
Q2551782;Wasserturm Hamburg-Barmbek;Wasserturm;53.603797;10.039269
Q114244665;Schulberg 6;Gebäude;53.54519;9.90615
Q107377393;Ochsenwerder Elbdeich 251;Schulgebäude;53.44684;10.10835
Q111964585;Elbchaussee 530;Gebäude;53.56131;9.82017
Q99292234;U-Bahnhof Moldauhafen;Projekt;53.52894444444444;10.014911111111111
Q18619356;Bahnhof Tiefstack;S-Bahnstation;53.531111111111;10.065833333333
Q34378713;Bali Theater;Kino;53.57869;10.03975
Q55743883;St. Martinus;Kirchengebäude;53.59175;9.98319444
Q108935321;An der Falkenbek 8;Schulgebäude;53.47039;9.86172
Q5644281;Bahnhof Hamburg-Neugraben;oberirdische Haltestelle;53.473889;9.851389
Q96349042;Schule Neustädter Straße;Volksschule;53.55371;9.98091
Q63373189;Seemannskirche St. Clemens;Kirchengebäude;53.544546;9.945525
Q5644290;Bahnhof Hamburg Airport;S-Bahnstation;53.632311111111115;10.006647222222222
Q1719687;U-Bahnhof Christuskirche;U-Bahnhof;53.56944444;9.96222222
Q111901527;Grindelallee 100;Gebäude;53.56751;9.98108
Q106832812;Hospitalstraße 107;Krankenhausgebäude;53.55618;9.94723
Q105658745;Schule Humboldtstraße 89;Schulgebäude;53.57637;10.02196
Q68823152;Hammonia-Varieté;abgegangenes Bauwerk;53.55114;10.0136
Q106540816;Sternschanze;S-Bahnstation;53.56437;9.96922
Q105641638;Hochbunker Barmbeker Straße;Hochbunker;53.59353;10.00001
Q444049;Altonaer Theater;Schauspielhaus;53.54896389;9.93436667
Q23786517;Kontorhaus Hansaburg;Kontorhaus;53.545277777778;9.9936111111111
Q61484356;Stadttheater Altona;abgegangenes Bauwerk;53.54836;9.94313
Q24248553;Windmühle Johanna;Windmühle;53.499777;10.023203
Q18681278;Trinkhalle (Hamburg);Gebäude;53.59274;10.01407
Q97012345;Schule An der Glinder Au;Schulgebäude;53.53357;10.13079
Q26156624;Altonaer Kinderkrankenhaus;Krankenhaus;53.55287278;9.91348056
Q19297186;Neuer Dovenhof;Bürogebäude;53.54814;9.99723
Q1170288;Dreifaltigkeitskirche;Kirchengebäude;53.55581667;10.05684444
Q1783239;Kontorhaus Leder-Schüler;Kontorhaus;53.55113889;10.02580556
Q2231339;Scharkapelle;Kirchengebäude;53.545336;9.984549
Q16220806;Bahnhof Rothenburgsort;S-Bahnstation;53.53841;10.04401
Q112633503;Rathaus Stellingen;Gebäude;53.59236;9.93425
Q1646022;Theater an der Marschnerstraße;Theatergebäude;53.5737278;10.0401643
Q732015;Asklepios Klinik Altona;Krankenhaus;53.55434036;9.90271759
Q876959;Das Schiff;Theatergebäude;53.54595611;9.98790806
Q2465975;U-Bahnhof Legienstraße;U-Bahnhof;53.547;10.0963
Q96238262;Villa Süchting;Villa;53.56902777777778;9.99236111111111
Q105333789;Schule Thadenstraße;Schulgebäude;53.55659;9.95577
Q106594361;Schule Deepenhorn;Schulgebäude;53.62919;10.16369
Q16552799;Osterkirche (Hamburg-Ottensen);Kirchengebäude;53.555068;9.932507
Q91444721;Stadtteilschule Stübenhofer Weg;weiterführende Schule;53.48312;10.01679
Q67080552;Schule Lutterothstraße;Schulgebäude;53.58139;9.95322
Q108535567;Feuerwache Wilhelmsburg;Feuerwehrhaus;53.50582;9.98839
Q65998271;Gymnasium Allermöhe;Schulgebäude;53.485556;10.155194
Q105710596;Schule Wagnerstraße;Schulgebäude;53.57145;10.0387
Q1598945;Israelitische Töchterschule;Gedenkstätte;53.56023;9.97507
Q45544889;KZ SS-Kaserne Hamburg-Langenhorn;Konzentrationslager;53.6683;10.0252
Q105626768;Norderschule Finkenwerder;Kinder- und Jugendfreizeiteinrichtung;53.5328;9.87724
Q1821457;Leuchtturm Tinsdal;Leuchtturm;53.56611111;9.74
Q106447857;Schule Barlsheide;Schulgebäude;53.58334;9.85698
Q104218816;Schule Eckerkoppel;Schulgebäude;53.59856;10.11489
Q47515668;KZ Hamburg-Neugraben;Konzentrationslager;53.4667;9.88333
Q108901865;Schule Schnuckendrift;Schulgebäude;53.46687;9.8388
Q95467122;Schule Veermoor;Schulgebäude;53.60688;9.87528
Q1001375;Budge-Palais;Villa;53.57055556;9.99888889
Q107214961;Schule Elfenwiese;Schulgebäude;53.4399;9.9705
Q101086209;Schule Grellkamp;Schulgebäude;53.65226;9.99796
Q3881293;U-Bahnhof Ohlstedt;U-Bahnhof;53.69472222;10.13722222
Q109285505;Moorburger Elbdeich 249;Schulgebäude;53.49425;9.92697
Q105111671;Schule Ladenbeker Weg;Schulgebäude;53.49362;10.18655
Q2279838;Shopping-Center Hamburger Meile;Einkaufszentrum;53.57333333;10.03166667
Q105529704;Schule am Walde;Schulgebäude;53.69739;10.13626
Q34378980;Landhaus-Lichtspiele;Kino;53.56561;9.88076
Q95562568;Heilig-Geist-Kirche;Katholisches Kirchengebäude;53.60638;10.12073
Q98959575;Schule Sterntalerstraße;Schulgebäude;53.55968;10.11194
Q18287382;Haus Stübekamp 75;Reihenhaus;53.63383;10.050824
Q30890676;U-Bahnhof Jungfernstieg;U-Bahnhof;53.552987;9.993707
Q896171;Ohnsorg-Theater;Theatergebäude;53.55471944;10.00732222
Q88769171;Schule Arnkielstraße;Schulgebäude;53.56383;9.95312
Q110411202;Wartenau 15;Schulgebäude;53.5651;10.03295
Q107804901;Schule Sportplatzring;Schulgebäude;53.59475;9.9303
Q18748608;Neuwiedenthal;Hochbahnhof;53.4731;9.87722
Q102225456;Schule Ochsenwerder;Schulgebäude;53.47245;10.0735
Q65998915;Gymnasium Finkenwerder;Schulgebäude;53.53256;9.87373
Q110598500;Gasthof "Stadt Hamburg";Gebäude;53.44891;10.22986
Q62092128;Japanisches Generalkonsulat Hamburg;Generalkonsulat;53.55138888888889;9.993611111111111
Q61409678;Bieberhaus;Häuserblock;53.55466;10.00731
Q800891;Bahnhof Hasselbrook;S-Bahnstation;53.56472222;10.05583333
Q15825480;Ledigenheim Hamburg;Gebäude;53.54728;9.982218
Q1233751;Dockland;Bürogebäude;53.54327778;9.93427778
Q100862633;Förderschule Brucknerstraße;Schulgebäude;53.5829;10.03737
Q93975098;Schule Tonndorf;Schulgebäude;53.58705;10.13025
Q16220502;Bahnhof Rissen;S-Bahnstation;53.58316;9.75725
Q106380967;Schule Gustav-Falke-Straße;Schulgebäude;53.57351;9.97339
Q15810829;Frohbotschaftskirche;Kirchengebäude;53.58122222;10.06294444
Q106155065;Schule Imstedt;Schulgebäude;53.57956;10.02801
Q45544812;KZ Hamburg (Stadthaus und Untersuchungsgefängnis);Konzentrationslager;53.549999;10
Q108936733;Schule In der alten Forst;Schulgebäude;53.44851;9.93658
Q89559652;Schule Rönnkamp;Schulgebäude;53.64681;9.91951
Q104176901;Roots;Holzhaus;53.53812;10.0204
Q1206343;Deutschlandhaus;Bürogebäude;53.55611111;9.9875
Q28661148;Stadthalle Hamburg;Mehrzweckhalle;53.59218;10.02955
Q1734429;Karstadt Mönckebergstraße;Warenhaus;53.551118;10
Q1583703;Hanseatic Trade Center;Bürogebäude;53.5425;9.98444444
Q65240333;Lessingtunnel;Unterführung;53.55583333333333;9.935277777777777
Q51832005;Epiphanienkirche (Hamburg-Winterhude);Kirchengebäude;53.58861;10.02283
Q110751491;Elysium-Theater;abgegangenes Bauwerk;53.54918;9.96416
Q1901084;Marktkirche Poppenbüttel;Kirchengebäude;53.658789;10.086115
Q106460498;Rundbunker Schwarzenbergstraße;Luftschutzbunker;53.46276;9.97503
Q104033412;Schule Potsdamer Straße;Schulgebäude;53.58374;10.14952
Q107352122;Schule Woellmerstraße;Schulgebäude;53.46542;9.95957
Q96337571;Fux Lichtspiele;Kino;53.558489;9.944547
Q65982888;Schule Kielortallee;Schulgebäude;53.57208;9.97406
Q732041;Asklepios Klinik Nord;Krankenhaus;53.672215;10.007301
Q2408858;Thaliahof;Bürogebäude;53.55166667;9.99805556
Q800300;Bahnbetriebswerk Hamburg-Eidelstedt;Lokomotivbahnhof;53.60722222;9.88111111
Q77411846;Schule Altonaer Straße;Schulgebäude;53.56426;9.96451
Q95995949;Schule Hirtenweg;Schulgebäude;53.55165;9.90101
Q114345313;Campus Tower;Bürogebäude;53.54032;10.00759
Q1697573;Justizvollzugsanstalt Vierlande;Justizvollzugsanstalt;53.426412;10.229259
Q109780695;Montblanc in Hamburg-Lurup;Bürogebäude;53.59446;9.89987
Q60852837;Blüse Neuwerk;Feuerblüse;53.922096;8.487357
Q1500917;Rundfunksender Hamburg-Rahlstedt;Rundfunksender;53.626039;10.196094
Q60747297;Astra-Bowlingbahn;Bowlingbahn;53.54987;9.96825
Q107740390;Synagoge Newe Schalom (Altona);Synagoge;53.547588;9.947648
Q97102019;Richard-Dehmel-Haus;Einfamilienwohnhaus;53.56552777777778;9.798416666666666
Q15103437;U-Bahnhof Kiwittsmoor;U-Bahnhof;53.6749477;10.0161195
Q104870500;Große Freiheit 63;Schulgebäude;53.55203;9.95748
Q23786557;Tiefbunker Dag-Hammarskjöld-Platz;Tiefbunker;53.558588888889;9.9913888888889
Q90803484;Astra-Turm;Hochhaus;53.547388;9.96533
Q84598294;The Table;Restaurant;53.5426;10.0031
Q98094864;Katholische Schule St. Paulus;Schulgebäude;53.54027;10.10888
Q47515434;KZ Hamburg-Wilhelmsburg;Konzentrationslager;53.5226;9.97972
Q19601669;Bahnhof Burgwedel;Bahnhof;53.647626;9.908458
Q109600947;Curslacker Deich 140;Kindergarten;53.44887;10.22839
Q1259001;St. Pankratius;Kirchengebäude;53.47583333;10.085
Q21170309;Israelitischer Tempel Poolstraße;Synagoge;53.55416667;9.98055556
Q2465932;U-Bahnhof Hudtwalckerstraße;U-Bahnhof;53.594336;9.99611
Q113840251;Schule Curschmannstraße;Schulgebäude;53.58781;9.97607
Q53170776;Gustav-Radbruch-Haus;Studentenwohnheim;53.553645;10.028611
Q111537282;Senioren- und Pflegeheim “Lupine”;Schule in öffentlicher Trägerschaft;53.58086;9.86344
Q65920862;Stadtteilschule Mümmelmannsberg;Schulgebäude;53.53102;10.14845
Q72820633;Stadtparkturm;Bürogebäude;53.60575;10.01149
Q111655789;Schule Karl-Theodor-Straße;Schulgebäude;53.54864;9.93003
Q104243476;Schule Kurdamm;Schulgebäude;53.49494;9.99179
Q109638810;Kirchenschule Altengamme;Schulgebäude;53.42958;10.27088
Q1618867;Kaispeicher A;Kaispeicher;53.54138889;9.98416667
Q14906925;Kapernaumkirche (Hamburg-Horn);Kirchengebäude;53.55638889;10.08138889
Q328028;Bahnhof Hamburg-Eidelstedt;S-Bahnstation;53.595833;9.906667
Q50036839;Madizinisches Versorgungszentrum Prof. Mathey, Prof. Schofer;Gesundheitsorganisation;53.560692;9.809686
Q87812665;Schule Molkenbuhrstraße;Schulgebäude;53.58935;9.92614
Q15855624;Zeisehallen;Fabrik;53.554;9.927
Q42313180;U-Bahnhof Horner Geest;U-Bahnhof;53.559037;10.107475
Q94939626;Schule Swatten Weg;Schulgebäude;53.59942;9.8591
Q827138;Bahnhof Hamburg Berliner Tor;S-Bahnstation;53.552687;10.024933
Q106627786;Maria-Magdalenen-Kloster;Kloster;53.569237;10.038736
Q106714154;Schule Öjendorfer Damm;Schulgebäude;53.56783;10.13562
Q108431349;Sandwisch 25;Gebäude;53.51423;10.07766
Q2465907;U-Bahnhof Hagendeel;U-Bahnhof;53.60361111;9.945
Q2801591;St. Stephan;Pfarrkirche;53.59027778;10.08388889
Q107926004;Schule Duvenstedter Markt;Schulgebäude;53.70368;10.10825
Q101513784;Dankeskirche;Kirchengebäude;53.589306;10.180444
Q21528852;Unterelbebahnhof;Bahnhof;53.4651299;9.9779252
Q19572551;Bahnhof Hoheneichen;Hochbahnhof;53.635556;10.068056
Q19963961;Kontorhaus Stubbenhuk;Kontorhaus;53.54533386;9.98070431
Q1602176;Schön Klinik Hamburg Eilbek;Krankenhaus;53.57722222;10.05388889
Q111043336;Schule Uferstraße 9;Schulgebäude;53.5709;10.03728
Q10519311;Heimfeld;S-Bahnstation;53.4656;9.96278
Q79851966;U-Bahnhof Elbbrücken;U-Bahnhof;53.53481;10.02323
Q1454081;Magazin;;53.59972222;10.00416667
Q107008746;Schule Eulenkamp;Schulgebäude;53.58074;10.07089
Q7229516;Bahnhof Hamburg-Poppenbüttel;S-Bahnstation;53.65222222;10.09388889
Q1895915;Maria Grün;Pfarrkirche;53.56111111;9.82333333
Q1407572;Theater in der Basilika;Theatergebäude;53.55633;9.925797
Q105886437;Schule Am Soldatenfriedhof;Schulgebäude;53.46272;9.97622
Q21177249;Kirche zur Heiligen Dreieinigkeit;Kirchengebäude;53.5561735;10.0408924
Q29015734;Oberstufe Langenhorn;Schulgebäude;53.65897;10.01162
Q96747194;Schule Langbargheide;Schulgebäude;53.59646;9.89054
Q2363905;U-Bahnhof Niendorf Nord;U-Bahnhof;53.640556;9.95
Q2321011;St. Markus;Kirchengebäude;53.58216667;9.97388889
Q98688077;Schule Horner Weg 89;Schulgebäude;53.556;10.07031
Q26821570;Edel-optics.de Arena;Veranstaltungsort;53.4956;10.0024
Q108295286;Schule Hanhoopsfeld;Schulgebäude;53.43765;9.99218
Q2220592;Sander Dickkopp;Wasserturm;53.499573;10.192051
Q1002408;Bugenhagenkirche;Kulturdenkmal in Deutschland;53.581556;10.03199
Q822899;U-Bahnhof Gänsemarkt;U-Bahnhof;53.55555556;9.98694444
Q759617;Auferstehungskirche;Kirchengebäude;53.59194444;10.05194444
Q84316381;Schule Humboldtstraße;Schulgebäude;53.5735;10.02728
Q34379098;Radiant Kino;Kino;53.54999;9.96567
Q34379055;Passage Kino;Kino;53.55049;9.99851
Q110915803;;Gefängnis;53.622709682351235;10.019070872918075
Q6590961;U-Bahnhof Straßburger Straße;U-Bahnhof;53.582226;10.067575
Q1759209;Leuchtfeuer Bunthaus;Holz-Leuchtturm;53.45685833;10.06906111
Q47515726;KZ Hamburg-Tiefstack;Konzentrationslager;53.5175;10.0792
Q85103561;Schule Strenge;Schulgebäude;53.63669;10.07904
Q15808690;Esso-Tankstelle Reeperbahn;Tankstelle;53.549022;9.965262
Q78812452;Fama Filmtheater;Kino;53.597674;9.86189
Q96481418;Schule Marckmannstraße;Schulgebäude;53.53542;10.03891
Q3853997;U-Bahnhof Meiendorfer Weg;U-Bahnhof;53.63888889;10.15611111
Q98438112;Stadtteilschule Öjendorf;Schulgebäude;53.54178;10.12971
Q99175818;Schule Neuhof;Schulgebäude;53.51378;9.96834
Q99693647;Schule Schulbergredder 13;Schulgebäude;53.65748;10.08144
Q69351872;Operettenhaus;abgegangenes Bauwerk;53.54951;9.96708
Q11926029;Honigfabrik;Kulturzentrum;53.51445278;9.982925
Q90788455;Schule Eckernförder Straße;Schulgebäude;53.56703;9.946
Q19963969;Lichthof Theater;Theatergebäude;53.56349;9.91508
Q106519857;Berufsschule Dratelnstraße 26;Berufsschule;53.49965;10.00342
Q83261633;Schule Barmbeker Straße;Schulgebäude;53.58588;10.01848
Q460264;St.-Pauli-Elbtunnel;Straßentunnel;53.544;9.9665
Q105582402;Schule Margit-Zinke-Straße;Schulgebäude;53.48664;10.16662
Q109715078;Allermöher Deich 445;Schulgebäude;53.46837;10.17661
Q894009;Bornplatzsynagoge;Synagoge;53.56802778;9.98322222
Q1648668;Hamburg Cruise Center Altona;Kai;53.54361111;9.93777778
Q1686858;Jenisch-Haus;Landhaus;53.5525;9.86555556
Q111215933;Hochbunker Binderstraße;Luftschutzbunker;53.56784;9.98475
Q109715802;Ochsenwerder Norderdeich 210;Schulgebäude;53.46666;10.11204
Q89100083;Schule Rothestraße;;53.54865;9.92898
Q2551790;Wasserturm Hamburg-Winterhude;Turm;53.59722222;10.00888889
Q29015730;Holi;Kino;53.57713;9.97669
Q106224098;Lehrerinnenseminar Hohe Weide;Universitätsgebäude;53.57082;9.96613
Q21705949;KZ-Außenlager Hamburg-Sasel;Konzentrationslager;53.664662;10.104215
Q65900626;Geschwister-Scholl-Stadtteilschule;weiterführende Schule;53.59035;9.85624
Q26821740;Herrenhaus Waltershof;Gebäude;53.519444444444;9.9227777777778
Q106493177;Schule Bunatwiete;Schulgebäude;53.45638;9.98252
Q91078364;Schule Bandwirkerstraße;Schulgebäude;53.57628;10.0666
Q2233069;Schellfischtunnel;Eisenbahntunnel;53.54666667;9.93583333
Q91318675;Schule an der Burgweide;Schulgebäude;53.48715;10.02378
Q2026630;Operettenhaus;Theatergebäude;53.54944444;9.96694444
Q113529351;;Umspann- oder Schaltanlage;53.573798371952925;10.102497339248659
Q110915181;Neuländer Elbdeich 206;Schulgebäude;53.47003;10.02798
Q2243628;Schloss Stillhorn;Burg;53.487777;10.018115
Q106830168;Schule Ahrensburger Weg;Schulgebäude;53.652;10.1703
Q2465844;U-Bahnhof Billstedt;U-Bahnhof;53.5425;10.1069
Q17765644;Norwegische Seemannskirche in Hamburg;Seefahrerkirche;53.54656;9.97709
Q1573209;Hamburger Öffentliche Bücherhallen;Bibliotheksbau;53.549765;10.008336
Q109653463;Neuengammer Hausdeich 97;Schulgebäude;53.43067;10.24191
Q1797037;Landhaus Scherrer;Restaurant;53.54619444;9.91652778
Q113772602;Freiwillige Feuerwehr Neugraben;Freiwillige Feuerwehr;53.47406;9.86242
Q11877023;Verkehrsstation Hamburg Elbbrücken;Bahnhof;53.5345;10.0245
Q97727037;Schule Nydamer Weg;Schulgebäude;53.6176;10.15431
Q60813977;Kleiner Leuchtturm Neuwerk;Bake;53.919330555556;8.4900277777778
Q1128489;Containerterminal Tollerort;Containerterminal;53.533;9.948
Q105975737;Schule Wedeler Landstraße;Schulgebäude;53.5816;9.76289
Q100525373;Hochbunker Von-Hein-Straße;Luftschutzbunker;53.57503;10.06455
Q106653192;Christophorus-Schule;Schulgebäude;53.67579;10.1355
Q2411082;The English Theatre of Hamburg;Theatergebäude;53.56930556;10.02863889
Q98961645;U-Bahnhof Hellkamp;U-Bahnhof;53.579444;9.948889
Q109299967;Freiwillige Feuerwehr Moorburg;Freiwillige Feuerwehr;53.49256;9.93207
Q14906471;Bovehaus;Gebäude;53.572403;10.079441
Q106086537;Alte Schule Cranz;Schulgebäude;53.53551;9.78011
Q104163467;Schule Leuschnerstraße;Schulgebäude;53.49676;10.2067
Q98934360;Grundschule Mümmelmannsberg;Schulgebäude;53.52875;10.14016
Q831350;U-Bahnhof Rathaus;U-Bahnhof;53.55027778;9.99361111
Q60745356;Ballhaus Alkazar;Cabaret;53.54972;9.96057
Q1286074;Front;Diskothek;53.55083333;10.02583333
Q600946;Wasserturm Hamburg-Bergedorf;Turm;53.49219444;10.22852778
Q98959224;Schule Bonhoefferstraße;Schulgebäude;53.54485;10.13548