ID	Commonscat
26215	Dreieinigkeitskirche (Hamburg-Allermöhe)
29732	Allermöher Deich 105
27673	Allermöher Deich 445
27669	Fährstein (Hamburg-Allermöhe)
26213	Cemetery of Hamburg-Allermöhe
27674	Moorfleeter Deich 359
27668	Moorfleeter Deich 408
25179	Schleusengraben (Bergedorf)
29593	Altes Krematorium Hamburg-Alsterdorf
21301	Feuerwache Alsterdorf
20313	Martin-Luther-Kirche (Hamburg-Alsterdorf)
29597	Heilwig-Gymnasium
27461	Dove Elbe
25977	Schule Altengamme-Deich
25974	St. Nicolai (Hamburg-Altengamme)
25982	Kirchenstegel 20
11766	St. Gertrud-Kirche (Hamburg-Altenwerder)
15219	St.-Johannis-Kirche (Altona)
29237	Thedebad
30215	Christuskirche Altona
30302	Altes Allgemeines Krankenhaus Altona
16832	Jenckelhaus
15466	Hospitalstraße 107 (Hamburg)
16117	Hospitalstraße 109 (Hamburg)
16158	Jüdischer Friedhof (Altona)
26143	Tiefbunker Louise-Schroeder-Straße 21
17456	Max-Brauer-Allee 134
15620	Max-Brauer-Allee 136
43771	Sternbrücke (Hamburg)
16141	Stuhlmannbrunnen
16123	Altonaer Rathaus
39121	Black Form – Dedicated to the Missing Jews (Sol LeWitt)
43773	Sternbrücke (Hamburg)
15590	Schule Thadenstraße
15588	Thedestraße 39
16429	Thedestraße 97, 99
15242	Thedestraße 101
15606	Virchowstraße 50 (Hamburg)
16430	Virchowstraße 80 (Hamburg)
15759	Theodor-Haubach-Schule (Hamburg)
13404	Kirche der Stille (vorm. Christophorus-Kirche; Hamburg-Altona-Nord)
13384	Gymnasium Allee (Hamburg)
16762	Helenenstift (Hamburg)
30476	Proviantamt Bahrenfeld
17836	Proviantamt Bahrenfeld
17833	Proviantamt Bahrenfeld
30447	Siedlung Woyrschweg
29470	Jugendkirche (Hamburg-Bahrenfeld)
29469	Paul-Gerhardt-Kirche (Hamburg-Bahrenfeld)
30512	Otto von Bahrenpark
17706	Friedhof Altona
30518	Lutherkirche (Hamburg-Bahrenfeld)
11763	Lutherhaus (Hamburg-Bahrenfeld)
17801	Lutherkirche (Hamburg-Bahrenfeld)
17708	Schule Mendelssohnstraße
29509	Friedhof Groß Flottbek
30820	Siedlung Adlerstraße / Dohlenweg / Lämmersieth / Wachtelstraße
22936	Hochbunker Bramfelder Straße 96
30819	Schule Fraenkelstraße
22933	Schule Fraenkelstraße
21263	Schule Fraenkelstraße
22547	Schule Genslerstraße
30950	Walddörferbahnviadukt
22963	Zinnschmelze der ehemaligen Hamburg-New Yorker Gummiwaarencompagnie
21266	S-Bahnhof Rübenkamp
22970	Walddörferbahnviadukt
23311	S-Bahnhof Rübenkamp
23015	Saarlandstraße 30 (Hamburg)
22196	Schwalbenhof
22935	Auferstehungskirche (Hamburg-Barmbek)
30821	Auferstehungskirche (Hamburg-Barmbek)
22950	Rundbunker am Barmbeker Bahnhof
30899	Bugenhagenkirche (Hamburg-Barmbek)
30901	PRO-Block (Hamburg)
30903	St. Sophienkirche (Hamburg-Barmbek-Süd)
19950	Dominikanerkloster St. Johannis (Hamburg)
22314	U-Bahnbrücke Osterbekkanal
23308	U-Bahnhof Hamburger Straße
22317	Holsteinischer Kamp 62
22486	Humboldtstrasse 1 (Hamburg)
22311	Ilse-Löwenstein-Schule
22319	U-Bahnbrücke Klinikweg
30909	Heinrich-Groß-Hof
22321	U-Bahnbrücke Marschnerstraße
38928	Osterbekstrasse 96
22323	U-Bahnbrücke Volksdorfer Straße
20216	Kanalbrücke Von-Essen-Straße
22322	U-Bahnbrücke Wagnerstraße
22318	Brücke Wohldorfer Straße
30913	Kreuzkirche (Hamburg-Barmbek Süd)
29836	Schule Am Brink
38988	Schloss Bergedorf
31019	Hansaschule Bergedorf
25414	Bult 10 (Hamburg)
27724	Freiwillige Feuerwehr Bergedorf
27926	Chrysanderstraße 4
25170	Duwockskamp 1
29287	Schule Ernst-Henning-Straße
27911	Amtsgericht Bergedorf
27502	Schule Nettelnburg
29820	St. Michael (Hamburg-Bergedorf)
27751	Hansa-Gymnasium Bergedorf
27733	Hassehaus
27732	St. Petri und St Pauli, Hamburg-Bergedorf
29282	Bugenhagenkirche (Hamburg-Bergedorf)
27245	Bahnhof Bergedorf Süd
25151	Former railway station Bergedorf
29818	Luisen-Gymnasium Bergedorf
25182	Bergedorfer Wasserturm
31113	St. Marien (Hamburg-Bergedorf)
27968	Schule Wentorfer Straße
25144	Rathaus Bergedorf
31087	Alte Mühle (Saselbek)
23320	Alte Mühle (Saselbek)
27089	Alte Mühle (Saselbek)
27086	Kate Bergstedter Chaussee 141
27093	Boundary stone Bergstedter Chaussee (Hamburg)
27112	Siemersscher Hof
24276	Feuerwehrhaus Bergstedter Markt
27113	Krachtscher Hof (Hamburg)
27079	Gebäude Bergstedter Markt 8
24277	Bergstedter Markt
23324	Gedenkstein Rodenbeker Straße
27076	Friedhof Bergstedt
29706	Friedhof Bergstedt
27081	Bergstedter Kirche
27100	Woold Bergstedt
30192	Billbrookdeich 167 bis 171
14417	Güterbahnhof Billbrook
12874	Kreuzkirche (Hamburg-Schiffbek)
39042	Öjendorfer Park
30029	Gemeindezentrum Mümmelmannsberg
29344	Friedhof Öjendorf
29337	Sankt Paulus-Kirche (Hamburg-Billstedt)
29336	Kulturpalast Hamburg
14396	Kurt-Körber-Gymnasium
29341	Dreieinigkeitskirche, Hamburg-Billstedt
27684	S-Bahnhof Billwerder-Moorfleet
27687	St. Nikolai (Hamburg-Billwerder)
26223	Billwerder Billdeich 424
27677	Boberger Furtweg 1
16977	Baurs Park
18134	Friedenseiche Blankenese
15311	Freiwillige Feuerwehr Blankenese
18199	Amtsgericht Blankenese
16703	Elbchaussee 530
18110	Bahnhof Blankenese
29381	Landhaus Michaelsen
29443	Schule Kahlkamp
30412	Blankeneser Kirche
29502	Gymnasium Blankenese
22289	Alfredstraßenbrücke
28131	Tiefbunker Berlinertordamm
14817	Alida Schmidt-Stift
29225	Hiobs-Hospital (Hamburg)
29357	Schule Burgstraße (Hamburg)
29226	IG-BAU-Haus (Hamburg-Borgfelde)
30027	Erlöserkirche (Hamburg-Borgfelde)
30991	Gartenstadt Hohnerkamp
26840	Schule Bramfelder Dorfplatz
26393	Schule Hohnerkamp
27173	Curslacker Deich 140
27171	St. Johannis (Curslack)
29713	Curslacker Heerweg 1
30932	Franksche Laubenganghäuser auf dem Dulsberg
30933	Naumannplatz-Siedlung (Hamburg)
22594	Bücherhalle Dulsberg
25439	Kriegerdenkmal Duvenstedt (2. Weltkrieg)
29660	Kriegerdenkmal Duvenstedt
29659	Cantate-Kirche (Hamburg-Duvenstedt)
25443	Taubenhaus Farkenwisch
31021	Duvenstedt Oak of Peace
29658	Villa Lichtwark Specksalredder 2 HH-Duvenstedt
25430	Trilluper Weg 3, 5
19701	Schule Furtweg
19696	Dänenbrücke (Mühlenau)
30992	Versöhnungskirche (Hamburg-Eilbek)
24542	Versöhnungskirche (Hamburg-Eilbek)
29276	Schule Hasselbrook
24471	Bahnhof Hasselbrook
22397	Rundbunker am Bahnhof Hasselbrook
30993	Papenstraße 120 122 (Hamburg)
24543	Friedenskirche (Hamburg-Eilbek)
22419	Hochbunker Schellingstraße (Hamburg)
24541	Familiengrab Merck
39054	Jacobipark
22422	Osterkirche (Hamburg-Eilbek)
18602	Katholische Schule Am Weiher
18603	St. Bonifatius-Kirche (Hamburg-Eimsbüttel)
18394	Schule An der Isebek
29519	Schule Bogenstraße 59
18383	Emilie-Wüstenfeld-Gymnasium
30503	Hamburg-Haus Eimsbüttel
15326	Cultural heritage monuments in Hamburg-Eimsbüttel
29468	Eppendorfer Weg
17275	Lehrerinnenseminar Hohe Weide
18237	Cultural heritage monuments in Hamburg-Eimsbüttel
18247	Lastropsweg 10 Hamburg-Eimsbüttel
17623	Cultural heritage monuments in Hamburg-Eimsbüttel
18243	Cultural heritage monuments in Hamburg-Eimsbüttel
15333	Lutterothstraße 3, 5 in Hamburg-Eimsbüttel
18211	Cultural heritage monuments in Hamburg-Eimsbüttel
17273	Cultural heritage monuments in Hamburg-Eimsbüttel
18508	U-Bahnhof Schlump
18905	Schule Schlankreye
18391	Schule Lutterothstraße 34-36
17290	Schule Lutterothstraße 78-80
18885	Cultural heritage monuments in Hamburg-Eimsbüttel
18886	Cultural heritage monuments in Hamburg-Eimsbüttel
18893	Cultural heritage monuments in Hamburg-Eimsbüttel
19261	Schule Telemannstraße
31208	Ensemble Adolf-von-Elm-Hof/Mehringweg
28211	Apostelkirche (Hamburg-Eißendorf)
29855	Schule In der alten Forst
28210	Lutherkirche (Hamburg-Eißendorf)
26790	Kirchenhang 33
30720	Siedlung Breitenfelder Straße / Haynstraße / Husumer Straße / Sudeckstraße
30722	Siedlung Breitenfelder Straße / Haynstraße / Lenhartzstraße / Robert-Koch-Stieg
39155	Grenzstein 1864 Lokstedter Steindamm 75
29583	Villa Butenfeld 2 in Hamburg-Eppendorf
30714	Siedlung Eppendorfer Landstraße / Gustav-Leo-Straße
20559	Eppendorfer Landstraße 148-164 Hamburg-Eppendorf
20697	Eppendorfer Landstraße 148-164 Hamburg-Eppendorf
20701	Hayns-Park und Meenkwiese HH-Eppendorf
20703	Knauer-Denkmal
20702	Knauer-Denkmal
20207	Hayns-Park und Meenkwiese HH-Eppendorf
20659	Hayns-Park und Meenkwiese HH-Eppendorf
24445	Hayns-Park und Meenkwiese HH-Eppendorf
29584	Erikastraße 126 in Hamburg-Eppendorf
20719	Ernst-Thälmann-Platz Kiosk Hamburg-Eppendorf
30728	Siedlung Faaßweg / Heilwigstraße / Kellinghusenstraße / Kunhardtstraße
30744	Goernebrücke
20728	Goernebrücke
30712	Siedlung Goernestraße / Gustav-Leo-Straße
29578	Holthusenbad
30713	Siedlung Goernestraße / Loogeplatz
29581	Kellinghusens Park
30715	Siedlung Gustav-Leo-Straße 14-18
29253	Haynstraße 2, 4 (Hamburg)
29254	Gymnasium Eppendorf
30727	Kulturwissenschaftliche Bibliothek Warburg
30730	Kloster St. Johannis (Hamburg)
38986	Seelemannpark
20620	Seelemannpark
20843	Seelemannpark
20773	Julius-Reincke-Stieg 13,13a Hamburg-Eppendorf
30732	U-Bahnhof Kellinghusenstraße
20501	Treppenbrücke Kellinghusenstraße
20274	Bücherhalle Eppendorf
20294	Knauer-Denkmal
20299	Gemeindehaus St. Johannis (Hamburg-Eppendorf)
20770	Ludolfstraße 60 Hamburg-Eppendorf
24405	St. Martinus (Hamburg-Eppendorf)
24416	Grenzstein Martinistraße 52 (UKE) Hamburg-Eppendorf
20787	Hayns-Park und Meenkwiese HH-Eppendorf
29257	Villa Meenkwiese1/Salomon-Heine-Weg24
20788	Hayns-Park und Meenkwiese HH-Eppendorf
29258	Schule Robert-Koch-Straße (Hamburg)
20812	Cultural heritage monuments in Hamburg-Eppendorf
20815	Schedestraße 16 Kinderheim Hamburg-Eppendorf
20306	Daniel Schutte-Stift
30758	Jenisch-Stift
19572	Pförtnerhaus Jenisch-Stift
24444	Stone arch bridges in Hamburg
20876	Winterhuder Brücke
24602	Berner Heerweg 187
24598	Karl-Schneider-Halle
14651	Gorch-Fock-Halle
14713	Gorch-Fock-Stein
14570	Norderschulweg 12
29353	Aueschule Finkenwerder
28483	Hohenwischer Straße 209
30924	Siedlung Alsterkrugchaussee / Zeppelinstraße
30965	Siedlung Am Lustberg / Niedernstegen
29625	Gymnasium Alstertal
30968	St. Lukaskirche (Hamburg-Fuhlsbüttel)
29274	Schule Eschenweg (Hamburg)
30925	Siedlung Gnadenbergweg
29626	Schule Ratsmühlendamm
23242	Wacholderpark Fuhlsbüttel
31245	Informationszentrum NS-Zwangsarbeit
28595	Informationszentrum NS-Zwangsarbeit
28596	Informationszentrum NS-Zwangsarbeit
30733	Siedlung Alsterkrugchaussee 387 bis 421
29587	Seniorenheim Groß Borstel
30761	St. Peter (Hamburg-Groß Borstel)
20895	St. Peter (Hamburg-Groß Borstel)
17903	Kriegerdenkmal Bei der Flottbeker Kirche
17893	Groß Flottbeker Kirche (Hamburg)
29475	Röbbek 4
17979	Schule Waitzstraße
29911	Speicherstadt
12190	Altes Zollhaus (Hamburg-HafenCity)
14972	Hafenpolizeiwache No 2
14139	Internationales Maritimes Museum Hamburg
14127	Oberhafenkantine
14221	Adolphsbrücke
29221	Hamburger Börse
14223	Thaliahof
29148	Thalia Theater (Hamburg)
29146	Heintzehof
14224	Alstertor 17
29927	Binnenalster
29939	Alter Wall
11979	Bucerius Kunst Forum
29912	Kontorhausviertel
29155	Bartholomayhaus
29135	Sprinkenhof
29931	Altstädter Hof
13730	Haus Alsterblick
29144	Kirdorfhaus
29145	Hapag-Lloyd-Gebäude
12281	Senator-Hayn-Haus
12491	Europa Passage
13833	Bücherhalle Barkhof
14877	Mönckebergbrunnen
11776	Gehrckens Hof
11777	Neuer Kran (Hamburg)
11781	Mührenhof
29124	Hansaburg (Hamburg-Altstadt)
14863	Zollkanal
14864	Binnenhafen (Hamburg)
29126	Stellahaus
29127	Haus Glass
29128	Commeterhaus
12280	Aerial photographs of the Binnenalster
11784	Börsenburg
29130	Patriotische Gesellschaft von 1765
11785	Spiegel-Haus
11791	Haus Cölln
11792	Commerzbank (Hamburg)
12474	Brooksbrücke
11802	Bugenhagenhaus (Hamburg-Altstadt)
29930	Klöpperhaus, Hamburg
29132	Finanzamt Steinstraße (ehem. Hauptverwaltung Karstadt)
29133	Chilehaus
29134	Mohlenhof
29913	Altstädter Hof
29136	Rodewaldthaus
29137	Burchardhof
14528	Kontorhaus Holzbrücke 8/Cremon 37
11812	Helmut-Schmidt-Haus
29138	Miramarhaus
29970	Deutsche Bundesbank Hamburg
29139	Haus der Seefahrt (Hamburg)
29917	Deichtorhallen
11833	Deichtorhallen
11834	Deichtorhallen
29140	Polizeikommissariat 12 am Klingberg
11835	IBM-Haus (Hamburg)
11840	Frenssenhaus
12048	Reformierte Kirche Ferdinandstraße (Hamburg)
11836	Hesse-Newman-Haus
14793	Friedrichshof (Kontorhaus)
11838	Ferdinandstraße 65 (Hamburg)
29142	Bankhaus Warburg
29162	Mönckeberghaus
12493	Der Fluss by Aristide Maillol (Kunsthalle Hamburg)
29150	Henckels-Solingen-Haus
12059	Commerzbank (Hamburg)
11851	Afrikahaus
29151	Allianz-Hochhaus (Hamburg)
29152	Hindenburghaus (Hamburg)
14750	Nikolaifleet
29153	Alte Oberfinanzdirektion Hamburg
11853	Heiligengeistbrücke
11854	Kranwärterhaus (Hamburg)
11855	Hohe Brücke (Hamburg)
11856	Holzbrücke (Hamburg)
29923	St. Nikolai (Hamburg)
11857	Vierländerin-Brunnen
29926	St. Jacobi, Hamburg
29292	City-Hof
11867	Jungfernbrücke (Hamburg)
29928	Kajen 2-10 (Hamburg)
11873	Edmund-Haus
11874	Montanhof
14802	Kleine Alster
14861	Hamburger Ehrenmal für die Gefallenen beider Weltkriege
29157	Rathausmarkt-Hof
29158	Skandinaviahaus
29159	Versmannhaus
11886	Kornhausbrücke (Hamburg)
11888	Klöpperhaus, Hamburg
29161	Seeburg (Hamburg)
12837	Lombardsbrücke
29123	Boltenhof
29163	Meßberghof
12134	Hammoniahaus
14997	Levantehaus
29932	Barkhof (Hamburg)
12137	Seidenhaus Brandt (Mönckebergstraße)
12140	Mönckebergbrunnen
29934	Postgebäude Mönkedamm
12069	Verwaltungsgebäude Neue Burg 1
29935	Katharinenhof-Frachtenhaus
12144	Fernmeldeamt Niedernstraße
12146	Brüggehaus
12253	Keramikhof
14791	Hesse-Newman-Haus
13839	Friedrichshof (Kontorhaus)
29938	Hamburger Rathaus
12066	Hygieia-Brunnen, Hamburg
29937	Hamburger Rathausmarkt
12067	Heinrich-Heine-Denkmal, Rathausmarkt (Hamburg)
12254	Hamburger Rathausmarkt
11981	Reesendammbrücke
29940	Reimerstwiete
12259	U-Bahnhof Rödingsmarkt
12047	Haus Cölln
12260	Haus Newman I (Hamburg)
12261	Haus Newman II (Hamburg)
12058	Rathausschleuse
14751	Alsterfleet
12403	Haus Gülden Gerd
12405	Laeiszhof
14776	Globushof
12070	Statue of Adolphus III, Count of Schauenburg and Holstein (Engelbert Peiffer in Hamburg)
12071	Engelbert Peiffer - Statue of Saint Ansgar - Trostbrücke Hamburg
12406	Trostbrücke
11969	IBM-Haus (Hamburg)
11970	Spiegel-Haus
11973	Willy-Brandt-Straße 47 (Hamburg)
14771	Afrikahaus
29971	Hamburg Süd (building)
12062	Globusbrunnen
14173	Herz-Jesu-Kirche (Hamburg-Hamm)
13809	Ballettzentrum Hamburg
14175	Hammer Park
29219	Schule Hammer Steindamm
29198	Bunkermuseum_Hamburg
13810	Dreifaltigkeitskirche (Hamburg-Hamm)
30165	Dreifaltigkeitskirche (Hamburg-Hamm)
13811	Alter Hammer Friedhof
14174	Sieveking-Mausoleum auf dem Alten Hammer Friedhof
14241	Hansaburg (Hamburg-Hamm)
30155	Großmarkt Hamburg
14191	Schule Wendenstraße
13804	Zweite Ausschläger Brücke
27506	Schule Am Soldatenfriedhof
26265	Goethe-Schule Harburg
31192	St.-Johanniskirche (Hamburg-Harburg)
27874	Alter Friedhof Harburg
27875	Grabmal Johann Heinrich Blohm
27535	Harburger Soldat (Hermann Hosaeus)
29900	Bahnhof_Hamburg-Harburg
26261	Rathaus Harburg (Hamburg)
26258	Harburger Schloßstraße 2
28022	Harburger Schloßstraße 5
26259	Harburger Schloßstraße 7
26260	Harburger Schloßstraße 9
27871	Harburger Schloßstraße 13
26256	Palmspeicher
28003	Harburger Schloßstraße 29
29842	Harburger Schloßstraße 43
29843	Harburger Schloßstraße 45
28001	Feuerwache Hastedtstraße
26954	Kanalplatz 6 (Hamburg)
28031	Kanalplatz 8 (Hamburg)
28033	Kanalplatz 16
31171	Karnapp
28536	Lotsekai
29286	Fleethaus Hamburg-Harburg
29829	Schellerdamm 2a
29828	Schellerdamm 4
31175	Staatsbahnhof Harburg
28534	Westlicher Bahnhofskanal
30671	Ida-Ehre-Schule
19907	Ida-Ehre-Schule
30594	Klinker (Siedlungsbau, Hamburg-Harvestehude)
30595	Bogenstraße (Hamburg)
19167	Bogenstraße 56 in Hamburg-Harvesthude
19158	Cultural heritage monuments in Hamburg-Harvestehude
19759	Cultural heritage monuments in Hamburg-Harvestehude
30688	Grindelhochhäuser
19152	Klinker (Siedlungsbau, Hamburg-Harvestehude)
19151	Klinker (Siedlungsbau, Hamburg-Harvestehude)
20072	Tankstelle Grindelberg
19583	Anglo-German Club (Hamburg)
19165	Hohe Weide 39-53 in Hamburg-Harvesthude
19611	Hohe Weide 39-53 in Hamburg-Harvesthude
19610	Hohe Weide 58-68 in Hamburg-Harvesthude
19617	Hohe Weide 58-68 in Hamburg-Harvesthude
19613	Hohe Weide 58-68 in Hamburg-Harvesthude
19614	Hohe Weide 58-68 in Hamburg-Harvesthude
19615	Hohe Weide 58-68 in Hamburg-Harvesthude
19170	Hohe Weide 58-68 in Hamburg-Harvesthude
19599	Hohe Weide 70-86 in Hamburg-Harvesthude
19606	Hohe Weide 58-68 in Hamburg-Harvesthude
19607	Cultural heritage monuments in Hamburg-Harvestehude
19669	Cultural heritage monuments in Hamburg-Harvestehude
19647	Cultural heritage monuments in Hamburg-Harvestehude
19626	Innocentiastraße
30681	Innocentiastraße
19978	Innocentiastraße
19581	Hochbahnbrücke Isebekkanal
19584	Hochbahnbrücke Isebekkanal
19585	Isebrücke
18778	Schule Isestraße
19543	Hochbahnviadukt Isestraße in Hamburg-Harvestehude
19976	Hochbahnviadukt Isestraße in Hamburg-Harvestehude
19608	Kaiser-Friedrich-Ufer 15-22 in Hamburg-Harvesthude
19601	Kaiser-Friedrich-Ufer 15-22 in Hamburg-Harvesthude
19168	Cultural heritage monuments in Hamburg-Harvestehude
19238	Cultural heritage monuments in Hamburg-Harvestehude
18779	Klosterallee 80 (Hamburg)
19588	Klosteralleebrücke
19579	Krugkoppelbrücke
21878	Krugkoppelbrücke
29542	Mittelweg 113 (Hamburg)
19634	Oberstraße (Hamburg)
19641	Innocentiapark
29541	Former Synagogue Oberstraße Hamburg
19858	Cultural heritage monuments in Hamburg-Harvestehude
19772	Cultural heritage monuments in Hamburg-Harvestehude
19648	Cultural heritage monuments in Hamburg-Harvestehude
18793	Rothenbaumchaussee
29518	Rothenbaumchausse 167, 169 in Hamburg-Harvestehude
19550	Simón Bolívar Statue, Hamburg
19906	Ida-Ehre-Schule
29553	Sophienterrasse 14
19542	Hochbahnbrücke Isebekkanal
19590	Hochbahnbrücke Isebekkanal
19652	Streekbrücke
28308	Friedrich-Ebert-Gymnasium (Hamburg)
28295	St. Paulus (Hamburg-Heimfeld)
28287	Schule Woellmerstraße
29576	Neuapostolische Kirche Abendrothsweg
38954	Neuapostolische Kirche Abendrothsweg
29252	Schule Löwenstraße (Hamburg)
20245	St. Markus (Hamburg-Hoheluft)
30707	Husumer Straße (Hamburg)
20332	Husumer Straße (Hamburg)
20329	Husumer Straße (Hamburg)
20247	Schule Lehmweg (Hamburg)
30711	Heimann-Stift (Hamburg-Hoheluft-Ost)
20516	Heimann-Stift (Hamburg-Hoheluft-Ost)
20331	Heimann-Stift (Hamburg-Hoheluft-Ost)
20254	Pastorat (1912) St.Markus in Hamburg-Hoheluft-Ost
19792	Bismarckstraße 98 in Hamburg-Hoheluft-West
30694	Christian-Förster-Straße
19812	Gymnasium Hoheluft
19467	Grenzstein Christian-Förster-Straße 21 Hamburg-Hoheluft-West
29070	Grenzsteine (2) Christian-Förster-Straße 33a Hamburg-Hoheluft-West
29071	Grenzsteine (2) Christian-Förster-Straße 33a Hamburg-Hoheluft-West
29014	Grenzstein Gärtnerstraße 22 Hamburg-Hoheluft-West
29015	Grenzstein Gärtnerstraße 28 Hamburg-Hoheluft-West
29013	Grenzstein Gärtnerstraße 30 Hamburg-Hoheluft-West
29567	Hoheluftchaussee 95 Factory building Hamburg Hoheluft-West
19785	Kottwitzstraße 4, 6 Hamburg-Hoheluft-West
19780	Kottwitzstraße 7 Hamburg-Hoheluft-West
19560	Kottwitzstraße 9 Hamburg-Hoheluft-West
19474	Kottwitzstraße 15 Hamburg-Hoheluft-West
19788	Kottwitzstraße (Hamburg)
18498	Roonstraße Hamburg-Hoheluft-West
19839	Roonstraße Hamburg-Hoheluft-West
19840	Roonstraße Hamburg-Hoheluft-West
14420	Roonstraße 32 Hamburg-Hoheluft-West
29269	Schule Angerstraße 11
30892	Schule Angerstraße 7
22298	Schule Angerstraße 7
22283	Schule Angerstraße 7
30891	Marienkrankenhaus Hamburg
22300	Marienkrankenhaus Hamburg
22287	Ehemalige Polizeiwache Angerstraße
22285	Schule Angerstraße 4
22299	Schule Angerstraße 7
22280	Marienkrankenhaus Hamburg
30785	Hohenfelder Bucht
21237	Hohenfelder Bucht
21238	Hohenfelder Bucht
23305	Kuhmühlenteichbrücke
30787	Kuhmühlenapotheke
21052	Kuhmühlenapotheke
22281	Alsterschwimmhalle
21051	Kuhmühlenapotheke
22284	U-Bahnhof Lübecker Straße
22288	U-Bahnhof Lübecker Straße
21047	Drei Männer im Boot (Hamburg)
21234	U-Bahnhof Uhlandstraße (Hamburg)
30810	U-Bahnhof Uhlandstraße (Hamburg)
21235	U-Bahnhof Uhlandstraße (Hamburg)
13080	Horner Warteschule
30181	Schule Beim Pachthof
13081	Schule Beim Pachthof
13085	Wichern-Gedenkstein von 1898 in Hamburg-Horn
14247	Grenzstein Derbyweg
13096	Blohms Park
30184	Blohms Park
26374	Blohms Park
13095	Blohms Park
29335	ThyssenKrupp Hamburg-Horn
29334	Schule Rhiemsweg 6
13088	Speckenreye 2 in Hamburg-Horn
29333	St. Olaf (Hamburg-Horn)
30178	Timotheuskirche (Hamburg-Horn)
14841	Timotheuskirche (Hamburg-Horn)
14842	Timotheuskirche (Hamburg-Horn)
14843	Timotheuskirche (Hamburg-Horn)
13073	Washingtonallee (Hamburg)
14251	Timotheuskirche (Hamburg-Horn)
13086	Spangenberg-Mosaiken (1954) Hamburg-Horn
26912	Christophorus-Kirche (Hamburg-Hummelsbüttel)
26910	Christophorus-Kirche (Hamburg-Hummelsbüttel)
39156	Schule Grotefendweg
30373	Offizierswohnungen Lachmannweg / Schenefelder Landstraße
29376	Schule Musäusstraße
30331	Reichspräsident-Ebert-Kaserne
44922	Helmut-Schmidt-Universität
44923	Helmut-Schmidt-Universität
44924	Helmut-Schmidt-Universität
44936	Helmut-Schmidt-Universität
44937	Helmut-Schmidt-Universität
31011	Lettow-Vorbeck-Kaserne (Hamburg)
29652	Der Gute Hirte (Hamburg-Jenfeld)
23341	Tansania-Park
23342	Tansania-Park
29778	Heinrich-Osterath-Straße 45
31125	St. Severini (Hamburg-Kirchwerder)
27626	St. Severini (Hamburg-Kirchwerder)
27627	St. Severini (Hamburg-Kirchwerder)
27628	Bell tower of Church Kirchwerder
27629	St. Severini (Hamburg-Kirchwerder)
29773	St. Severini (Hamburg-Kirchwerder)
29779	Schule Zollenspieker
27607	Kirchwerder Elbdeich 276
29780	Schule Kirchwerder Hausdeich
27597	Wrauster Bogen 54
27587	Zollenspieker Fährhaus
13018	Kaischuppen 50
14500	Kaischuppen 51
14501	Kaischuppen 52
14827	Bremer Kai
14798	Dessauer Ufer subcamp
14788	Dessauer Ufer subcamp
14514	Hansahöft
30201	Wasserschutzpolizeischule Hamburg
30982	Fritz-Schumacher-Siedlung
28374	Borner Stieg 32, 34
30984	St. Jürgen-Kirche (Hamburg-Langenhorn)
24172	St. Jürgen-Kirche (Hamburg-Langenhorn)
30986	Essener Straße „Schwarzwald-Siedlung“ HH-Langenhorn
24170	Essener Straße 94 Büro- und Gewerbegebäude HH-Langenhorn
24158	Krankenhaus Ochsenzoll HH-Langenhorn
29629	Schule Foorthkamp 42
24163	Altenwohnanlage, Daniel-Schutte-Stiftung, Höpen 11
28827	Immenhöven 25, 27
28829	Immenhöven 33, 35
30985	Käkenkamp 2–4
24396	Käkenkamp 2
24237	Käkenkamp 4
24401	SchröderKapelle Kiwittsmoor 24a
30979	Kreuzfurth-Siedlung
24169	Stadthaus Langenhorner Chaussee 115
30987	Ansgarkirche (Hamburg-Langenhorn)
24451	Organ of Ansgarkirche, Hamburg-Langenhorn
29630	Ehemaliges Mütterheim, Langenhorner Chaussee 321
24236	Tankstelle Langenhorner Chaussee 652
24171	Tangstedter Landstraße 26
28994	Lagergebäude, Tangstedter Landstraße 205
24411	Broder-Hinrick-Kirche (Hamburg-Langenhorn)
29632	Gasthaus Zum Wattkorn, Tangstedter Landstraße 230
28934	Mehrfamilienhäuser Hogenlitgrund, Tangstedter Landstraße
24398	Krankenhaus Heidberg HH-Langenhorn
28837	Timmerloh 5, 7
28847	Timmerloh 24, 26
29275	Fritz-Schumacher-Schule
28849	Turnhalle, Timmerloh 32
28850	Timmerloh 32a
14816	Grünanlage Willersweg
28741	Wördenmoorweg 99, 101
29691	Kriegerdenkmal Lemsahl
45499	Studentenwohnheim Billwiese
26242	Boundary stone Herzog-Carl-Friedrich-Platz
29807	Schule Leuschnerstraße
31133	Erlöserkirche (Hamburg-Lohbrügge)
26246	Mausoleum Bergner
26244	Erlöserkirche (Hamburg-Lohbrügge)
26247	Alter Friedhof (Hamburg-Lohbrügge)
26245	Wasserturm Lohbrügge
29808	St.-Christophorus-Kirche (Hamburg-Lohbrügge)
45475	Ulmenliet 20
30697	Christ-König-Kirche (Hamburg-Lokstedt)
20096	Christ-König-Kirche (Hamburg-Lokstedt)
30698	Kriegerdenkmal Grandweg
20107	Amsinck-Villa
19850	Grenzmarkierung Eidelstedter Weg (Hamburg-Lokstedt)
30701	Wohnanlage Heimat
20099	Kriegerdenkmal Grandweg
29568	Schule Hinter der Lieth
14419	Lüttge-Garten (Hamburg)
20083	Lokstedter Steindamm 33, 35
20089	Wasserturm Lokstedt
17324	Schule Glückstädter Weg
15301	Luruper Hauptstraße 132
24698	Husarendenkmal (Hamburg-Marienthal)
24699	Meldereiter (Hamburg-Marienthal)
24680	Grenzsteine Hammer Straße
23332	Grenzsteine Hammer Straße
31010	Grenzsteine Hammer Straße
23336	Grenzsteine Hammer Straße
27482	Grenzsteine Hammer Straße
29651	Grenzsteine Hammer Straße
28197	Memorial to the 1814 burning of Appelbüttel and Marmstorf by the French
28207	Kriegerdenkmal Marmstorf
23058	Friedhof Moorburg
24338	St. Maria-Magdalena, Hamburg
27702	St. Nikolai-Kirche (Hamburg-Moorfleet)
29803	Sandwisch 25
29752	Neuengammer Hausdeich 249
28455	Cornelius-Kirche (Hamburg-Neugraben-Fischbek)
28048	Fünfhausener Hauptdeich 1
28050	Fünfhausener Hauptdeich 2
28047	Neuländer Elbdeich 256
29171	Alsterhaus
29958	Stadthaus (Hamburg)
38948	Bleichenbrücke
29951	Colonnaden
12937	Lichtplastik (Walter Dexel)
39173	Gefallenendenkmal am Dammtor
29177	Haus Goldener Schwan (Hamburg)
12576	Hamburgische Staatsoper
29978	Oberpostdirektion Hamburg
29976	Verwaltungsgebäude Dammtorwall
29977	Emporio (Hamburg)
11996	Flügelstern (Karl Hartung, 1964)
29979	Ehemalige Generalzolldirektion (Hamburg)
29178	Ehemalige Behörde für das Versicherungswesen (Hamburg)
29179	Laeiszhalle
13847	Verwaltungsgebäude Drehbahn
12712	Polizeigefängnis Hütten
12655	Burmah-Haus
12656	 Finnlandhaus
29982	Gänsemarkt
12662	Girardethaus
12663	Lessinghaus (Hamburg)
12666	Lessing-Denkmal (Hamburg)
29185	Adlerhof (Hamburg)
14785	Teehaus Große Wallanlagen
29188	Hamburger Hof, Hamburg
29210	Alte Post (Hamburg)
29172	Broschekhaus
29983	Untersuchungsgefängnis Holstenglacis
29190	Brahms Kontor
12623	Kaiser-Wilhelm-Denkmal (Hamburg)
12702	Kinderbewahranstalt (Hamburg, Neustadt)
12703	Handwerkskammer Hamburg (building)
12704	Schule Enckeplatz
12705	Schule Peterstraße (Hamburg)
12706	Heinesches Wohnstift
12024	Kugel-Denkmal (Hamburg)
12711	Repsold-Denkmal
11903	Polizeigefängnis Hütten
12774	Heine-Haus, Jungfernstieg (Hamburg)
29191	Bucerius Law School Hamburg
12127	Hotel Vier Jahreszeiten, Hamburg
12839	Amsinck-Palais
12938	Windsbraut (Hamburg)
12377	Bürgermeisterhaus (Hamburg)
12148	Görtz-Palais
12841	Carl Friedrich Petersen Statue (Hamburg)
29211	Australhaus
39128	Körnerhaus
14753	Bleichenfleet
30014	Justizforum (Hamburg)
12620	Ziviljustizgebäude
12621	Hanseatisches Oberlandesgericht (Hamburg)
12622	Strafjustizgebäude (Hamburg)
12710	Sievekingplatz
13098	Brunnenskulpturen Sievekingplatz
12304	St. Thomas a Becket Church (Hamburg)
12305	Anna-Siemsen-Schule (Hamburg)
29974	Siedlung Böhmkenstraße - Hohler Weg - Jacobstraße - Rothesoodstraße - Venusberg
29300	Finnische Seemannskirche in Hamburg
13850	Gemeindehaus St. Michaelis
12787	Kersten-Miles-Brücke
11987	Kontorhaus Stubbenhuk
13135	Leuchtturm Neuwerk
30630	Niendorfer Marktkirche
19391	Alter Niendorfer Friedhof
19871	St.-Ansgar-Kirche (Hamburg-Niendorf)
30439	Raphael-Schule (Hamburg)
29454	Schule Schulkamp
17036	Sieberlingstraße 7
31127	St. Pankratius (Ochsenwerder)
27638	Kriegerdenkmal 1914-18 Ochsenwerder
27639	Kriegerdenkmal 1939-45 Ochsenwerder
29792	Kriegerdenkmal 1870/71 Ochsenwerder
27654	Friedhof Ochsenwerder
27650	Gedenkstein für den Anschluss an Hamburg (Ochsenwerder)
27641	Graumanntwiete 5
27649	Ochsenwerder Elbdeich 251
27647	Denkmal für die 700-Jahr-Feier von Ochsenwerder
27640	Ochsenwerder Norderdeich 210
23433	JVA Fuhlsbüttel
30971	St. Marien (Hamburg-Ohlsdorf)
23671	St. Marien (Hamburg-Ohlsdorf)
23424	Fuhlsbüttler Straße 652 (Hamburg-Ohlsdorf)
23423	Nikodemuskirche (Hamburg-Ohlsdorf)
23426	Nikodemuskirche (Hamburg-Ohlsdorf)
23427	Nikodemuskirche (Hamburg-Ohlsdorf)
29622	Verwaltungsgebäude Friedhof Ohlsdorf
30955	Jüdischer Friedhof Ohlsdorf
23672	St. Marien (Hamburg-Ohlsdorf)
30967	Bahnbetriebshof S-Bahn in Hamburg-Ohlsdorf
23214	Maria-Magdalenen-Kirche (Hamburg-Ohlsdorf)
23443	JVA Fuhlsbüttel
23670	JVA Fuhlsbüttel
23887	Haus Stübekamp 75
29415	Schule Goosacker
29414	Schule Wesperloh
30445	Jenischpark
18006	Jenisch-Haus
29430	Kriegerdenkmal Hochrad
29321	Christianeum
29424	Krankenhaus Altona
29419	Schule Trenknerweg
30516	Schule Bahrenfelder Straße
14368	Osterkirche (Hamburg-Ottensen)
30281	Katholische Schule St. Marien (Hamburg)
16061	Rudolf-Steiner-Schule Altona
17799	Schule Bleickenallee 5
16036	Gymnasium Altona
29375	Schule Daimlerstraße (Hamburg)
15886	Katholische Schule St. Marien (Hamburg)
17859	Rudolf-Steiner-Schule Altona
14371	Gaußstraße 51 (Hamburg)
16041	Uhrmacherfachschule (Hamburg-Ottensen)
17879	Churchyard Christianskirche Hamburg-Ottensen
17877	Churchyard Christianskirche Hamburg-Ottensen
29245	Christianskirche (Hamburg-Ottensen)
15383	Churchyard Christianskirche Hamburg-Ottensen
15191	Klopstock grave area Christianskirche Hamburg-Ottensen
29232	Museumstraße 15-19 (Hamburg)
16070	Rainvilleterrasse 4
26896	Alte Landstraße 243 in Hamburg-Poppenbüttel
26902	Simon-Petrus-Kirche (Hamburg-Poppenbüttel)
29680	Gedenkstätte Plattenhaus Poppenbüttel
26900	Kritenbarg 64 in Hamburg-Poppenbüttel
26901	Gedenkstätte Plattenhaus Poppenbüttel
26891	Marienhof (Poppenbüttler Schleuse)
29679	Burgruine Henneberg (Nachbildung)
26889	Ehemaliges Restaurant Randel, Gebäude
39043	Ehemaliges Restaurant Randel, Park
26904	Marktkirche Poppenbüttel
26898	Schule Schulbergredder 13
26906	Denkmal für Ludwig Frahm, Schulbergredder, Hamburg
29681	Schule Schulbergredder 21
27298	Kriegerdenkmal Altrahlstedt
27423	Grave of Detlev von Liliencron
31104	Herrenhaus am Pulverhof
26381	Pulverhofpark
27439	Schule Deepenhorn
29736	Kriegerdenkmal Meiendorf
26510	Kriegerdenkmal Oldenfelde
29739	Dietrich-Bonhoeffer-Kirche Oldenfelde (Hamburg-Rahlstedt)
31106	Trinitatiskirche Hohenhorst (Hamburg-Rahlstedt)
29728	Martinskirche (Hamburg-Rahlstedt)
31119	Dankeskirche (Hamburg-Rahlstedt)
29730	Kirche Sankt Mariä Himmelfahrt Oldenfelde
26504	Kriegerdenkmal Oldenfelde
31105	Kirche Alt-Rahlstedt (Hamburg-Rahlstedt)
26505	Kriegerdenkmal 1870-71 Altrahlstedt
27420	Kirche Alt-Rahlstedt (Hamburg-Rahlstedt)
26506	Liliencrondenkmal (Hamburg-Rahlstedt)
26507	Kriegerdenkmal Rahlstedter Straße
27449	Kriegerdenkmal Rahlstedter Straße
26508	Kriegerdenkmal Neurahlstedt
30480	Schule Iserbarg
30443	Mechelnbusch
16966	Johanneskirche (Hamburg-Rissen)
30442	Johanneskirche (Hamburg-Rissen)
16963	Schule Wedeler Landstraße
29450	Freiluftschule Wittenbergen
30138	St.-Erichskirche (Hamburg-Rothenburgsort)
30137	Brandshof
14051	Schule Bullenhuser Damm
30194	Kaltehofe
14431	Villa Kaltehofe
14429	Autobahnbrücke Moorfleet
29326	Institut für Hygiene und Umwelt (Hamburg-Rothenburgsort)
14057	Hochbunker Marckmannstraße 195
14053	St.-Erichskirche (Hamburg-Rothenburgsort)
29324	Sankt-Thomas-Kirche (Hamburg-Rothenburgsort)
19295	Hochbunker Allende-Platz
30559	Alte Rabenstraße 1
30551	Schule Bundesstraße 58
18275	Schule Bundesstraße 58
19299	Grindelallee 46, 48
19300	Studentenwohnheim Grindelallee
45642	Grindelallee 100
19143	Talmud-Tora-Schule
18177	Bunker Budge-Palais
19119	St. Johannis-Kirche (Hamburg-Harvestehude)
30602	Dammtor-Palais
18651	Dammtor-Palais
19301	Altbau der Staats- und Universitätsbibliothek Hamburg
19516	Rutschbahn (Hamburg)
18934	Rutschbahn (Hamburg)
18936	Rutschbahn (Hamburg)
18937	Rutschbahn (Hamburg)
18699	Rutschbahn (Hamburg)
18938	Rutschbahn (Hamburg)
19530	Auditorium Maximum (Universität Hamburg)
19528	Von-Melle-Park 5
29677	Andreasweg 13 Hof
26872	Mellingburger Schleuse Sasel
26863	Annenhof Saselbergweg
26880	Kriegerdenkmal (Saseler Chaussee, Hamburg)
29676	Vicelinkirche (Hamburg-Sasel)
29537	Schule Frohmestraße
19394	Adventskirche (Hamburg-Schnelsen)
29539	Gut Wendlohe
31201	Kirche Sinstorf
28191	Pastorat Sinstorfer Kirche
28185	Alte Feuerwache Sinstorf
28190	Gefallenen-Denkmal Sinstorf
13619	 Schule Hansaplatz (Hamburg)
29205	Feuerwache Berliner Tor
30094	Hochschule für Angewandte Wissenschaften Hamburg
13865	 Klosterschule (Hamburg)
13746	Kurt-Schumacher-Haus (Hamburg)
13747	Arbeitsagentur Nagelsweg
13521	Ehrenmal der Radiologie
12968	Schulgebäude Norderstraße 163, 165
30090	Hartwig-Hesse-Witwenstift (1952-56)
30212	Planten un Blomen
29986	Alter Elbtunnel, Zugang Steinwerder
29987	Landungsbrücken
12742	Landungsbrücken
12743	Landungsbrücken
12744	Landungsbrücken
12745	Landungsbrücken
12741	Alter Elbtunnel
13719	Navigationsschule Hamburg
29313	Israelitische Töchterschule (Hamburg)
13216	Schule Grabenstraße (Hamburg)
13215	Rumbaumsche Schule
30060	Pestalozzi-Schule (Hamburg)
13238	Schule vor dem Holstentor
13284	Kleine Freiheit 68
13285	Schule Laeiszstraße
13346	Friedenskirche (Hamburg-St. Pauli)
12182	Schule Seilerstraße (Hamburg)
12183	Hamburger Schulmuseum
13537	St.-Pauli-Theater
13538	Davidwache
14314	Gnadenkirche St. Pauli
13472	Vorwerk-Stift
31069	Martin-Luther-King-Kirche (Hamburg-Steilshoop)
13163	Alter Elbtunnel
30039	Norderwerft Hamburg
14523	Leuchtturm Ellerholzhöft
13151	Ellerholzschleuse
14764	Ellerholzweg 1a
31250	Roßkanal
13145	Trockendock Elbe 17
14874	Köhlbrandbrücke
30034	Grevenhofschleuse
29310	Travehafen
19728	Rathaus Stellingen
19887	Kirche Zum Guten Hirten (Hamburg-Langenfelde)
19739	Jüdischer Friedhof Langenfelde (Hamburg-Eimsbüttel)
29572	St. Prokop-Kirche (Hamburg-Stellingen)
30704	Stellinger Kirche
19729	Kriegerdenkmal Sportplatzring
15433	Eifflerstraße 1
16828	Eifflerstraße 3
13301	Schule Ludwigstraße (Hamburg)
12043	Montblanc-Fabrik Schanzenstraße
15608	Gut Marienhöhe
29439	Friedhof Blankenese
16092	St. Michael-Kirche (Hamburg-Sülldorf)
29805	Hofschläger Weg 1
24482	Mausoleum Timm
29638	Mausoleum Kock
29637	Jüdischer Friedhof Jenfelder Straße (Hamburg-Tonndorf)
39182	Kirche Tonndorf (Hamburg)
24479	Schule Tonndorfer Schulstraße
20958	St.-Gertrud-Kirche (Hamburg-Uhlenhorst)
30775	U-Bahnhof Mundsburg
29590	Finkenau 42
20969	Hofwegbrücke
30881	Hochschule für bildende Künste Hamburg
21693	U-Bahnhof Mundsburg
29614	Imam-Ali-Moschee (Hamburg)
29268	Kleinkinderhaus Winterhuder Weg
24409	Heilandskirche (Hamburg-Uhlenhorst)
30143	Polizeikaserne Am Zollhafen
29215	Feuerwache Veddel
13033	Schule auf der Veddel
45225	Zollanlage Tunnelstraße
31099	Mahr'scher Hof Ahrensburger Weg/Lerchenberg
26743	Kindergarten Ahrensburger Weg 20
27313	Grenzsteine Ahrensburger Weg
27312	Grenzsteine Ahrensburger Weg
27317	Grenzsteine Ahrensburger Weg
27314	Grenzsteine Ahrensburger Weg
23317	Grenzsteine Brunsdorfer Weg
23268	Grenzsteine Brunsdorfer Weg
27125	U-Bahnhof Volksdorf
29663	Landhaus Duvenwischen 70
27132	Eulenkrugstraße 60, 62
27323	Eulenkrugstraße 60, 62
31093	Ohlendorff'sche Villa
28594	Ohlendorff'sche Villa
29708	Heilig-Kreuz-Kirche (Hamburg-Volksdorf)
27120	Villa Flethmannsteich FarmsenerLandstr188 HH-Volksdorf
27128	Halenreihe5 MalteserHospizZentrum HH-Volksdorf
26886	Grenzsteinbereich westlich Heidloge
27411	Walddörfer-Gymnasium
27302	Walddörfer-Gymnasium
27410	Walddörfer-Gymnasium
27131	Ohlendorff'sche Villa
28593	Ohlendorff'sche Villa
44403	Volksdorfer Schulkate
27300	Villa Liebermann (Hamburg)
31092	U-Bahnhof Buckhorn
26747	Grenzsteine Im Regestall
26748	Grenzsteine Im Regestall
27319	Grenzstein Im Uhlenbusch
23331	Klosterwisch 8 Heim Erlenbusch
27121	Mellenbergweg 39 Wohnhaus
27318	Grenzstein Moorbekweg
31023	Rittmeisterkoppel Siedlung
31089	Kirche am Rockenhof
29710	Saseler Weg 53 Landhaus
27376	Kriegerdenkmal Volksdorf (Schmalenremen)
43427 und 43428	St. Gabriel (Hamburg-Volksdorf)
29664	Schule Vörn Barkholt
26762	Grenzsteinbereich Waldweg 183
25958	Postillon Kuöhl WeißeRose HH-Volksdorf
13167	Lotsenstation Seemannshöft
30461	Neuer Elbtunnel
14550	Seglerheim Waltershof
29351	Rugenberger Schleuse
24561	Eichtalpark
23262	Bovehaus (Hamburg-Wandsbek)
29640	Schule Bovestraße
23253	Kreuzkirche (Hamburg-Wandsbek)
23250	Alter Friedhof Wandsbek
23264	Jüdischer Friedhof Königsreihe (Hamburg-Wandsbek)
29642	Christuskirche (Hamburg-Wandsbek)
24546	Schimmelmann-Mausoleum
23265	Wandsbek Markt
30996	Amtsgericht Wandsbek
24573	Amtsgericht Wandsbek
24550	U-Bahnhof Wandsbek Markt
24663	Schule An der Gartenstadt
23261	Hochbunker Von-Hein-Straße
23260	U-Bahnhof Wandsbek Markt
31002	St. Joseph (Hamburg-Wandsbek)
31075	Rabenhorst (Hamburg)
31074	Schule Rolfinckstraße
26497	Schule Strenge
31070	Lutherkirche (Hamburg-Wellingsbüttel)
26494	Torhaus Wellingsbüttel
27251	Katholische Bonifatiusschule (Hamburg)
26025	Schule Fährstraße (Hamburg)
28570	Kirchdorfer Straße 170
28567	Wasserwerk Wilhelmsburg
28339	Moorwerder Norderdeich 90
28340	Schule Neuhöfer Damm
28341	Flakturm VI
28678	Schule Rahmwerder Straße
28371	Wilhelmsburger Windmühle "Johanna"
29895	Schule Zeidlerstraße
28679	Schule Kapellenweg (Hamburg)
28161	Reeseberg 8
29598	Agnesstraße 1 (Hamburg)
29600	Schule Alsterdorfer Straße
21424	St. Antonius-Kirche (Hamburg-Winterhude)
30764	Rentnerheim Fiefstücken
21516	Bellevuebrücke
21521	U-Bahnhof Borgweg
23312	U-Bahnhof Borgweg
30802	Paul-Gerhardt-Kirche (Hamburg-Winterhude)
30803	Kaserne der Bereitschaftspolizei in Hamburg
28987	Fernsichtbrücke
24406	Bodelschwingh-Kirche (Hamburg-Winterhude)
29603	Schule Forsmannstraße
20945	Lichtwarkschule
29605	Campus Hebebrandstraße
30806	Barmbeker Stichkanal
21803	U-Bahnhof Hudtwalckerstraße
21802	Winterhuder Brücke
30866	Kampnagel
30799	City Nord
21859	Kapstadtring 1 und 3
21860	Kapstadtring 2 bis 4
21863	Kapstadtring 5
21862	Kapstadtring 8
14436	Kapstadtring 10
21864	Klärchenbrücke
29606	Sporthalle Hamburg
21684	Langenzugbrücke
21880	Langenzugbrücke
21899	Bahndammtunnel Lattenkampstieg in Hamburg-Winterhude
24446	Bahndammtunnel Lattenkampstieg in Hamburg-Winterhude
21904	Leinpfad 6 (Hamburg)
29897	Leinpfad 20 (Hamburg)
21315	Jahnkampfbahn (Hamburg)
30871	Gelehrtenschule des Johanneums
21908	Bugenhagendenkmal (Hamburg)
20447	Zentrale Zone City Nord
29609	Goldbekhaus
14513	New-York-Ring 1
21102	Überseering 45 / New-York-Ring 2
21103	New-York-Ring 6 und 6a
21101	New-York-Ring 13 und 15
30647	Siedlung Ohlsdorfer Straße / Winterhuder Marktplatz
21233	Planetarium Hamburg
30944	U-Bahnhof Saarlandstraße (Hamburg)
22944	U-Bahnhof Saarlandstraße (Hamburg)
23307	U-Bahnhof Saarlandstraße (Hamburg)
21977	Schleidenbrücke
22329	Schleidenbrücke
23211	Schleidenbrücke
24448	Schleidenbrücke
22048	Trinkhalle im Hamburger Stadtpark
22053	Überseering 2
22055	Überseering 12
22056	Überseering 24
22052	Überseering 33a
22057	Überseering 35
22054	Überseering 40
39053	City-Nord-Park
23198	U-Bahnhof Saarlandstraße (Hamburg)
22108	Wiesendammbrücke (Hamburg)
30845	Kranzhaus
30872	Stadtteilschule Winterhude
22107	Wiesendammbrücke (Hamburg)
29662	U-Bahnhof Ohlstedt
29278	Freiwillige Feuerwehr Ohlstedt
29661	An der Drosselbek 1 Hamburg-Wohldorf
27022	Bredenbekstraße 29
25451	Matthias-Claudius-Kirche (Hamburg-Wohldorf-Ohlstedt)
27039	Grenzsteine Duvenstedter Brook
27038	Grenzsteine Duvenstedter Brook
27040	Grenzsteine Duvenstedter Brook
27041	Grenzsteine Duvenstedter Brook
27042	Grenzsteine Duvenstedter Brook
29697	Herrenhaus Hamburg-Wohldorf
25444	Schule Kupferredder
29704	Kriegerdenkmal Wohldorf-Ohlstedt (Wohldorfer Wald)
27065	Norwegerhäuser Ohlstedter Stieg 1-14/Ellerbrookwisch 8
27036	Kriegerdenkmal Wohldorf-Ohlstedt (Ole Boomgarden)
29705	Kriegerdenkmal Wohldorf-Ohlstedt (Ole Boomgarden)
27024	Schleusenredder2 HH-Wohldorf-Ohlstedt
23100	Kleinbahnhof Wohldorf
31085	Norwegerhäuser Sthamerstrasse 41-49
27072	Norwegerhäuser Sthamerstrasse 41-49
28667	Norwegerhäuser Sthamerstrasse 41-49
27073	Norwegerhäuser Sthamerstrasse 41-49
28668	Norwegerhäuser Sthamerstrasse 41-49
27074	Norwegerhäuser Sthamerstrasse 41-49
28669	Norwegerhäuser Sthamerstrasse 41-49
27033	Norwegerhäuser Sthamerstrasse 41-49
28671	Norwegerhäuser Sthamerstrasse 41-49
