ID	Adresse	Geogr. Br.	Geogr. Lg.
12500	Sandtorkai o.Nr.		
13146	Steinwerder Kai o.Nr.		
14789	Nordbake Neuwerk	53.928889	8.481945
18203	Kirschtenstraße o.Nr. vor dem Gebäude Oesterleystraße 27		
18260	Voigtstraße o.Nr.	53.57584	9.942319
18384	Eimsbütteler Brücke o.Nr.	53.573273	9.963842
18396	Im Gehölz o.Nr.	53.577417	9.961389
18399	Eidelstedter Weg o.Nr.|Eidelstedter Weg o.Nr. vor Nr. 93	53.582227	9.945509
18416	Alsterufer 50|Alte Rabenstraße 1|Badestraße  o.Nr.	53.566935	10.000512
18436	Doormannsweg o.Nr. gegenüber von Nr. 43, auf einem Grünstreifen	53.56848	9.952822
18488	Roonstraße o.Nr.	53.579241	9.970071
18504	Agathenstraße o.Nr.	53.567332	9.966009
18509	Beim Schlump o.Nr.|Schäferkampsallee o.Nr.	53.56801	9.969903
18673	Edmund-Siemers-Allee o.Nr. Ecke Rothenbaumchaussee	53.562101	9.989427
18675	Rothenbaumchaussee o.Nr. auf der Höhe von Nr. 44	53.56625	9.988973
18709	Mittelweg o.Nr.	53.561376	9.992406
18712	Rothenbaumchaussee o.Nr. nördlich von Nr. 115	53.572562	9.988427
18736	Weckmannweg o.Nr.	53.576918	9.941165
18866	Bei der Apostelkirche o.Nr.	53.576258	9.943816
18876	Prätoriusweg o.Nr.	53.580155	9.952764
18878	Odenwaldstraße o.Nr.	53.57948	9.952013
19012	Lutterothstraße 75|Stellinger Weg 57	53.58134	9.945562
19031	Rendsburger Straße  o.Nr.	53.551667	9.964287
19059	Stellinger Weg 53|Stellinger Weg 55	53.581119	9.946034
19061	Luruper Weg o.Nr.	53.580455	9.943816
19071	Hartwig-Hesse-Straße o.Nr.	53.581149	9.942728
19134	Platz der jüdischen Deportierten o.Nr.	53.563397	9.986715
19140	Fontenay o.Nr. Ecke Alsterufer, in der Anlage hinter dem Kriegerdenkmal	53.564822	9.998518
19141	Fontenay-Allee o.Nr.	53.564032	9.996304
19195	Alsterglacis o.Nr.	53.559224	9.991935
19294	Von-Melle-Park o.Nr. östlich von 8	53.567248	9.985478
19386	Niendorfer Marktplatz o.Nr. neben der Kirche	53.616867	9.94879
19387	Niendorfer Marktplatz o.Nr.	53.617221	9.949293
19393	Holsteiner Chaussee  o.Nr., nördlich von 387	53.64592	9.907943
19396	Schneitelbaum	53.637048	9.911348
19401	Kriegerdankweg o.Nr.|Wählingsallee o.Nr.	53.631211	9.914976
19402	Kriegerdankweg o.Nr.|Wählingsallee o.Nr.	53.631207	9.914976
19403	Holsteiner Chaussee  o.Nr., auf der Höhe von Nr. 49	53.613626	9.905967
19406	Niendorfer Gehege o.Nr. neben Kleingartenverein 303 Waldfrieden	53.612922	9.929469
19407	Eidelstedter Platz o.Nr. auf dem Busbahnhof	53.608454	9.904576
19416	Beim Amsinckpark 18|Beim Amsinckpark o.Nr.	53.601617	9.943056
19419	Doormannsweg o.Nr. bei Nr. 12	53.571395	9.956744
19468	Hoheluftchaussee 167 auf Höhe von	53.585845	9.968396
19550	Rothenbaumchaussee o.Nr.	53.579879	9.989212
19580	Klosterstern o.Nr.	53.581717	9.988598
19581	Isebekkanal	53.58444	9.986163
19584	Isebekkanal	53.584272	9.985754
19585	Isebrücke o.Nr.	53.584841	9.988287
19588	Klosteralleebrücke o.Nr.	53.580927	9.979764
19589	Krugkoppel o.Nr.	53.579046	9.996949
19654	Eppendorfer Brücke o.Nr.	53.583644	9.984133
19697	Christuskirche Eidelstedt	53.614914	9.890424
19726	Eidelstedter Dorfstraße o.Nr. auf dem Friedhof	53.608436	9.911363
19727	Eidelstedter Dorfstraße o.Nr. auf dem Friedhof	53.608413	9.91138
19729	Sportplatzring o.Nr. hinter Nr. 47	53.592551	9.929899
19739	Försterweg o.Nr.	53.578213	9.929743
19799	Gneisenaustraße o.Nr.	53.577882	9.969078
19850	Eidelstedter Weg o.Nr.|Eidelstedter Weg o.Nr. gegenüber von Nr. 13	53.581257	9.956127
19879	Tierpark Hagenbeck	53.596123	9.937751
19883	Tierpark Hagenbeck	53.595738	9.937705
19885	Tierpark Hagenbeck	53.596174	9.937887
19886	Tierpark Hagenbeck	53.595507	9.937877
19889	Johann-Wenth-Straße o.Nr. neben der Kirche	53.590741	9.925951
19890	Johann-Wenth-Straße o.Nr. neben der Kirche	53.59081	9.925874
19975	Klosterstern o.Nr.|Rothenbaumchaussee o.Nr.	53.581556	9.988203
20072	Grindelberg o.Nr. vor Nr. 62	53.574757	9.978034
20087	Heckenrosenweg o.Nr.	53.606231	9.958719
20099	Bei der Lutherbuche o.Nr.|Grandweg o.Nr.	53.597435	9.959207
20207	Eppendorfer Landstraße o.Nr.	53.595632	9.989694
20216	Von-Essen-Straßenbrücke o.Nr.	53.57196	10.044093
20293	Loogestieg o.Nr. auf der Höhe von Nr. 21	53.586232	9.987819
20294	Loogestieg o.Nr.	53.587439	9.985027
20426	Meenkwiese o.Nr.	53.599273	9.994678
20427	Meenkwiese o.Nr. südlich der Straße	53.59887	9.992711
20448	Moorfuhrtbrücke o.Nr.	53.584659	10.009805
20501	Kellinghusenstraße o.Nr.	53.588266	9.98997
20535	Meenkwiese o.Nr.	53.59985	9.991604
20536	Heilwigstraße o.Nr.	53.592212	9.994908
20568	Feenteichbrücke o.Nr.	53.571842	10.008982
20570	Grillparzerbrücke o.Nr.	53.578021	10.01388
20582	Herbert-Weichmann-Brücke o.Nr.	53.572819	10.013204
20585	Maria-Louisen-Brücke o.Nr.	53.584692	9.998136
20620	Heilwigstraße o.Nr.	53.59153	9.994793
20659	Eppendorfer Landstraße o.Nr.	53.591146	9.986034
20703	Eppendorfer Landstraße o.Nr. Ecke Loogestieg	53.587439	9.985027
20709	Eppendorfer Marktplatz o.Nr.	53.592686	9.988545
20710	Martinistraße o.Nr.	53.589405	9.979214
20711	Martinistraße o.Nr.	53.590382	9.979707
20719	Ernst-Thälmann-Platz o.Nr.	53.595401	9.984161
20720	Ernst-Thälmann-Platz o.Nr. ohne Nr.|Tarpenbekstraße o.Nr. ohne Nr.	53.595327	9.984309
20728	Goernebrücke o.Nr.	53.588249	9.997329
20787	Meenkbrücke o.Nr.	53.598785	9.991409
20788	Meenkwiese o.Nr. gegenüber von Nr. 1	53.597678	9.990425
20843	Heilwigstraße o.Nr.	53.59153	9.994793
20870	Tewessteg o.Nr. auf der Höhe von Nr. 4	53.593118	9.992325
20875	Leinpfad o.Nr.	53.59028	9.997296
20884	Am Licentiatenberg o.Nr.	53.614467	9.98306
20886	Frustbergstraße o.Nr. Ecke Schrödersweg	53.608336	9.973939
20891	Borsteler Chaussee o.Nr.	53.603862	9.986604
20963	Birkenau o.Nr.	53.568359	10.025848
20969	Hofwegbrücke o.Nr.	53.573123	10.015237
20975	Immenhof o.Nr. auf der Höhe von Nr. 10	53.567169	10.027084
21046	Hohenfelder Brücke o.Nr.	53.563107	10.015869
21047	Schwanenwik o.Nr.	53.564686	10.015326
21100	Mühlenkampbrücke o.Nr.	53.579403	10.013281
21206	Bruno-Georges-Platz 2|Carl-Cohn-Straße o.Nr.	53.603203	10.010916
21236	Eilenau o.Nr.	53.566151	10.025954
21238	Barcastraße o.Nr.	53.562842	10.016394
21239	Schwanenwik o.Nr.	53.564348	10.015984
21300	Alsterkrugchaussee o.Nr. zwischen Nr. 262 und Nr. 268	53.607404	10.001553
21313	Leinpfadbrücke o.Nr.	53.592831	9.99486
21314	Leinpfad o.Nr.	53.590327	9.998905
21353	Alsterdorfer Markt o.Nr.	53.613117	10.023592
21374	Carl-Cohn-Straße o.Nr.	53.605124	10.006722
21405	Skagerrakbrücke o.Nr.	53.611452	10.009034
21506	Bebelallee o.Nr. östlich der Straße	53.596741	9.994996
21509	Bei der Matthäuskirche o.Nr.|Gottschedstraße o.Nr.	53.588926	10.010569
21516	Bellevuebrücke o.Nr.	53.582638	10.002786
21520	Borgweg o.Nr. auf der Höhe von Nr. 20	53.590794	10.015861
21677	Bei der St. Gertrudkirche o.Nr.|Immenhof o.Nr.	53.56736	10.02796
21682	Kuhmühlenbrücke o.Nr.	53.565803	10.024675
21683	Eilenau o.Nr.	53.56632	10.028198
21684	Langenzugbrücke o.Nr.	53.57743	10.010038
21694	Mundsburger Brücke o.Nr.	53.565637	10.019847
21747	Funhofweg o.Nr. Garagen neben Nr. 012	53.603172	10.044099
21864	Klärchenbrücke o.Nr.	53.587957	9.998853
21878	Krugkoppelbrücke o.Nr.	53.579926	9.999105
21951	Poelchaukampbrücke o.Nr.	53.581648	10.01032
21970	Saarlandbrücke o.Nr.	53.592755	10.032333
22022	Stadthallenbrücke o.Nr.	53.591713	10.031451
22023	Südring o.Nr.	53.594798	10.017985
22053	City Nord (Bürohaus PB- Verwaltung)	53.60105	10.026614
22108	Wiesendamm o.Nr. auf der Höhe von Nr. 124|Wiesendammbrücke o.Nr.	53.589337	10.020318
22109	Wiesenstieg o.Nr.	53.590435	10.02005
22147	Mundsburger Damm o.Nr.	53.569323	10.02739
22148	Mundsburger Damm o.Nr.	53.565623	10.02073
22244	Schürbeker Bogen o.Nr.	53.568888	10.026647
22245	Schürbeker Straße o.Nr.	53.566151	10.025954
22246	Schürbeker Straße o.Nr.	53.567991	10.025757
22257	Schwanenwikbrücke o.Nr.	53.565531	10.016817
22274	Wartenaubrücke o.Nr.	53.566597	10.031579
22301	Uhlandstraße o.Nr.	53.566151	10.025954
22308	Immenhof o.Nr.	53.566711	10.028221
22314	Flachsland o.Nr.	53.583896	10.046011
22319	Klinikweg o.Nr. auf der Höhe von Nr. 23	53.573457	10.036585
22362	Weidestraße o.Nr. Ecke Biedermannplatz, gegenüber von Elsastraße 2	53.580146	10.033796
22385	Lentersweg o.Nr. auf der Höhe von Nr. 2	53.637999	10.02436
22386	Ohkamp o.Nr. auf der Höhe von Nr. 38 a	53.637868	10.024932
22390	Kurzer Kamp o.Nr. auf der Höhe von Nr. 2-6	53.637846	10.029811
22391	Kurzer Kamp o.Nr. auf der Höhe von Nr. 2-6	53.637937	10.029979
22392	Boysenkamp o.Nr. auf der Höhe von Nr. 8	53.637784	10.031453
22393	Boysenkamp o.Nr. auf der Höhe von Nr. 8	53.637626	10.031459
22420	Wandsbeker Chaussee o.Nr. östlich von Nr. 182, in der Anlage Jakobipark	53.567243	10.053454
22422	Wandsbeker Chaussee o.Nr. östlich von Nr. 182, in der Anlage Jakobipark	53.568081	10.053244
22433	Bredeneschteich	53.671055	10.122915
22591	Dehnhaide o.Nr. auf der Höhe von Nr. 161	53.579912	10.056264
22595	Kraepelinweg o.Nr. auf der Höhe von Nr. 3	53.579791	10.049937
22858	Eilbektal o.Nr.	53.575271	10.057568
23058	Nehusweg o.Nr. östlich der Straße	53.48875	9.940108
23072	Overwerder Hauptdeich o.Nr.|Overwerder Hauptdeich o.Nr. ohne Nr.	53.432661	10.111141
23073	Neuengammer Hauptdeich o.Nr.	53.414511	10.25042
23198	Saarlandstraße 37|Wiesendamm o.Nr. gegenüber von Nr. 13	53.58896	10.03259
23210	Schleidenbrücke o.Nr.		
23211	Schleidenbrücke o.Nr.	53.584796	10.033663
23242	Wacholderweg o.Nr.	53.631582	10.024701
23243	Robert-Schuman-Brücke o.Nr. auf der Höhe von Nr. 3	53.572931	10.071855
23251	Wandsbeker Marktplatz o.Nr.	53.571662	10.067347
23256	Am Hohen Hause o.Nr.	53.592282	10.114067
23258	Am Hohen Hause o.Nr.	53.592329	10.112203
23263	Eilbeker Weg o.Nr. auf der Höhe von Nr. 199	53.574397	10.058749
23264	Jüdischer Friedhof Königsreihe	53.575039	10.067491
23265	Robert-Schuman-Brücke o.Nr. gegenüber von Nr. 3	53.57259	10.070141
23294	Salomon-Heine-Weg o.Nr.	53.601002	9.987105
23295	Meenkwiese o.Nr. nördlich der Meenckwiese und der Meenckbrücke	53.600753	9.991455
23301	Alter Teichweg o.Nr. nördlich des Alten Teichwegs, westlich der Krausestraßenbrücke	53.583123	10.053374
23302	Leinpfad o.Nr.|Leinpfad o.Nr. Höhe Nr. 107	53.592163	9.995607
23305	Eilenau o.Nr.	53.566151	10.025954
23310	Kellinghusenstraße o.Nr.	53.589235	9.991656
23312	Borgweg o.Nr.	53.590783	10.015903
23321	Bergstedter Markt o.Nr.	53.670796	10.123517
23322	Wohldorfer Damm o.Nr. Ecke Volksdorfer Damm	53.671519	10.125221
23323	Wohldorfer Damm o.Nr. östlich von Nr. 8, auf dem alten Friedhof, östlich der Kirche	53.672305	10.126918
23324	Iloh o.Nr. neben Nr. 1 a	53.683052	10.117623
23325	Alte Mühle o.Nr. südöstlich der Straße	53.668702	10.110229
23327	Alte Mühle o.Nr.	53.670132	10.108582
23330	Rockenhof o.Nr. nördlich von Nr. 5	53.650831	10.164902
23334	Eulenkamp o.Nr. an der Einmündung Elsässer Straße	53.579181	10.06491
23342	Gedenkanlage Wilsonstraße	53.583775	10.13407
23596	Fuhlsbüttler Straße o.Nr. auf der Höhe von Nr. 27	53.587049	10.046339
23597	Krüsistraße o.Nr. Südseite der Straße	53.587773	10.042894
23598	Pestalozzistraße o.Nr. Südseite der Straße	53.587559	10.04498
23652	Erdkampsweg o.Nr. neben Nr. 104	53.634089	10.018791
23805	Am Hasenberge o.Nr.|Hasenbergbrücke o.Nr.	53.622652	10.028432
23809	Weg beim Jäger o.Nr. auf der Höhe von Nr. 193	53.623083	9.994366
23811	Brombeerweg o.Nr.	53.630942	10.029986
23813	Kurzer Kamp o.Nr. auf der Höhe von Nr. 32/ 34	53.636893	10.032813
23814	Kurzer Kamp o.Nr. Ecke Hummelsbütteler Hauptstraße	53.636775	10.033642
23818	Fuhlsbüttler Straße o.Nr. nördlich Kerbelweg 27/31	53.613037	10.041638
23819	Eulenkamp o.Nr. Ecke Kolpingweg	53.580049	10.066233
23820	Eulenkamp o.Nr.	53.579974	10.066132
23821	Eulenkamp o.Nr.	53.579616	10.065581
23832	Berner Heerweg o.Nr. Höhe Nr. 372	53.626658	10.138885
23846	Rodigallee o.Nr. auf dem Gelände der Universität der Bundeswehr	53.569989	10.113937
23849	Denksteinweg o.Nr. an der Ecke Bei den Höfen	53.57277	10.131975
24158	Fassbinderweg o.Nr.|Feilenhauerweg o.Nr.|Henny-Schütz-Allee o.Nr.|Jütlandring o.Nr.|Ochsenstieg o.Nr.	53.67207	10.007585
24167	Kastanienplatz	53.657898	10.022722
24246	Bert-Kaempfert-Platz o.Nr.	53.585402	10.045117
24248	Borsteler Chaussee o.Nr.	53.607768	9.976985
24276	Bergstedter Markt o.Nr. bei Nr. 3	53.670571	10.123252
24277	Bergstedter Markt o.Nr.	53.670957	10.123059
24338	Nehusweg o.Nr. südöstlich von Nr. 7	53.488852	9.940018
24354	Moorburger Elbdeich o.Nr. gegenüber Nr. 398	53.499348	9.896317
24355	Moorburger Elbdeich o.Nr. westlich von Nr. 424	53.49907	9.892207
24404	Hohe Liedt o.Nr.|Neubergerweg o.Nr.	53.669296	10.019604
24409	Winterhuder Weg o.Nr. nördlich von Nr. 130 und 132	53.578513	10.017429
24426	Tarpenbekstraße o.Nr. Ecke Nedderfeld	53.6027	9.982271
24428	Schmuggelstieg o.Nr.	53.681514	9.999659
24430	Jersbeker Weg o.Nr.	53.681987	10.043455
24432	Hohe Liedt o.Nr. nördlich der Straße Hattsmoor	53.670874	10.03566
24433	Harnacksweg o.Nr.	53.664314	10.035168
24434	Weg Nr. 651 o.Nr.	53.655751	10.034421
24435	Weg Nr. 651 o.Nr.	53.655436	10.034803
24436	Weg Nr. 651 o.Nr.	53.654908	10.034795
24437	Weg Nr. 651 o.Nr.	53.654555	10.034274
24438	Raakmoorgrund o.Nr.	53.652243	10.034056
24440	Ohkamp o.Nr. südlich der Kreuzung Flughafen Straße	53.639625	10.020209
24444	Tarpenbekstraße o.Nr.	53.601411	9.984757
24445	Eppendorfer Landstraße o.Nr.	53.591146	9.986034
24446	Lattenkampstieg o.Nr.	53.597423	9.995085
24448	Schleidenbrücke o.Nr.		
24450	Leinpfad o.Nr.	53.590033	9.993483
24474	Friedrich-Ebert-Damm o.Nr. gegenüber 245	53.591512	10.108535
24486	Willöperstraße o.Nr.	53.583611	10.105767
24541	Wandsbeker Chaussee o.Nr. in der Anlage Jacobipark, östlich von Nr. 182	53.567403	10.047601
24546	Robert-Schuman-Brücke o.Nr. auf der Höhe von Nr. 3	53.573201	10.072048
24547	Robert-Schuman-Brücke o.Nr. auf der Höhe von Nr. 3	53.57324	10.071693
24553	Robert-Schuman-Brücke o.Nr. auf der Höhe von Nr. 3	53.5732	10.071591
24593	Sonnenweg o.Nr. gegenüber von Nr. 90	53.594639	10.121486
24594	Kupferdamm o.Nr.	53.594449	10.119751
24595	Kupferdamm o.Nr.	53.594152	10.119092
24598	Berner Heerweg o.Nr. auf der Höhe von Nr. 185	53.608239	10.119634
24606	Eckerkoppel o.Nr. gegenüber von Nr. 152	53.597024	10.100076
24607	Traberweg o.Nr. westlich von Nr. 13	53.598174	10.098343
24612	Saselheider Weg o.Nr. hinter Nr. 37	53.633372	10.132208
24616	Berner Heerweg o.Nr. östlich von 344	53.623259	10.131094
24620	Am Hohen Hause o.Nr.	53.592238	10.114251
24697	Rantzaustraße o.Nr. im Wandsbeker Gehölz	53.570973	10.073761
24698	Am Husarendenkmal o.Nr. in der Grünanlage	53.564194	10.073965
24699	Am Husarendenkmal o.Nr. in der Grünanlage	53.564377	10.074565
25178	Schiffswasser	53.4872	10.208889
25439	Duvenstedter Damm o.Nr. neben Nr. 29	53.707057	10.111136
25441	Tangstedter Weg o.Nr. Ecke Lohe	53.710618	10.106182
25443	Farkenwisch o.Nr. bei Nr. 22/ 24	53.709188	10.110546
25447	Ole Boomgaarden o.Nr. auf dem Waldfriedhof Wohldorf	53.70808	10.155633
25958	Weiße Rose o.Nr. auf der Höhe von Nr. 19	53.648309	10.163847
25973	Kirchenstegel o.Nr. bei Nr. 11, nahe dem Friedhofseingang	53.428902	10.269517
25976	Kirchenstegel o.Nr. auf dem Friedhof	53.429648	10.269498
25990	Bergedorfer Schloßstraße o.Nr.  im Schlossgarten	53.488852	10.212957
25998	Kaiser-Wilhelm-Platz o.Nr.	53.488625	10.212843
26020	Moorwerder Osterdeich o.Nr.	53.466308	10.058352
26021	Moorwerder Süderdeich o.Nr.	53.473705	10.045258
26027	Veringkanal	53.50181	9.981475
26028	Veringkanal	53.503973	9.984381
26029	Äußerer Schmidtkanal	53.496909	9.985165
26031	Moorwerder Wettern	53.473004	10.050237
26032	Moorwerder Schleusengraben	53.471436	10.058065
26115	Berner Gutsweg o.Nr.	53.627343	10.132958
26119	Berner Gutsweg o.Nr.	53.626565	10.134032
26120	Carsten-Rehder-Straße o.Nr. gegenüber der Einmündung der Buttstraße	53.544929	9.948373
26126	Steilshooper Allee o.Nr.	53.607514	10.094713
26128	Neusurenland o.Nr.	53.613813	10.101751
26129	Tegelweg o.Nr.	53.612565	10.098506
26213	Allermöher Deich o.Nr. bei Nr. 97	53.48274	10.128359
26214	Allermöher Deich o.Nr. bei Nr. 97	53.482199	10.128538
26217	Allermöher Deich o.Nr. bei Nr. 97	53.48242	10.128405
26220	Billwerder Billdeich o.Nr. gegenüber Nr. 72	53.520741	10.119902
26221	Billwerder Billdeich o.Nr. gegenüber Nr. 72	53.520365	10.120261
26242	Herzog-Carl-Friedrich-Platz o.Nr.	53.490852	10.207582
26246	Lohbrügger Kirchstraße o.Nr. auf dem Friedhof	53.497943	10.199633
26247	Lohbrügger Kirchstraße o.Nr.	53.498027	10.200231
26248	Lohbrügger Kirchstraße o.Nr. auf dem Friedhof	53.498324	10.201315
26255	Harburger Rathausplatz o.Nr.	53.458993	9.979841
26369	Elbberg o.Nr.	53.544993	9.931949
26372	Im Gehölz o.Nr.	53.577743	9.959523
26373	Harvestehuder Weg o.Nr.	53.579961	9.997207
26374	Horner Landstraße o.Nr.	53.552093	10.074936
26375	Grotiusweg o.Nr.	53.567422	9.764465
26381	Am Pulverhof o.Nr.	53.595906	10.135927
26382	Beselerplatz o.Nr.	53.560173	9.887844
26506	Rahlstedter Bahnhofstraße o.Nr.	53.599797	10.153873
26546	Josthöhe o.Nr. zwischen Nr. 60 und 80	53.637562	10.045447
26547	Josthöhe o.Nr. östlich von Nr. 46	53.63809	10.04697
26548	Josthöhe o.Nr. östlich von Nr. 44	53.638313	10.04699
26551	August-Krogmann-Straße 103|August-Krogmann-Straße 105|August-Krogmann-Straße 107|August-Krogmann-Straße 109|August-Krogmann-Straße 111|August-Krogmann-Straße 113	53.614489	10.114218
26666	Altengammer Hausdeich o.Nr.	53.428975	10.249868
26672	Kirchenstegel o.Nr. bei Nr. 13	53.429548	10.269716
26715	Großneumarkt o.Nr. vor Nr. 53	53.5503	9.98035
26744	Im Regestall o.Nr. Beim Waldfriedhof Volksdorf.	53.671048	10.160409
26745	Im Regestall o.Nr. Beim Waldfriedhof Volksdorf.	53.670534	10.160054
26746	Im Regestall o.Nr. Beim Waldfriedhof Volksdorf.	53.670609	10.159069
26747	Im Regestall o.Nr. Auf dem Waldfriedhof Volksdorf.	53.669624	10.158842
26748	Im Regestall o.Nr. Auf dem Waldfriedhof Volksdorf.	53.669929	10.155771
26762	Waldweg o.Nr. bei Nr. 183	53.653934	10.140351
26770	Kirchwerder Elbdeich o.Nr. südwestlich von Nr. 120	53.401165	10.168334
26793	Adolf-von-Elm-Hof o.Nr.	53.457349	9.959256
26852	Up de Worth o.Nr.	53.640842	10.074892
26859	Wellingsbüttler Weg o.Nr. bei Nr. 75a/ 75b	53.643505	10.073183
26860	Rabenhorst o.Nr. neben Nr. 13	53.641325	10.086915
26867	Mellingburgredder o.Nr. östlich von Nr. 1	53.669709	10.098955
26880	Saseler Chaussee o.Nr. am Saseler Parkweg	53.655991	10.109386
26884	Steinwegenskoppel 10b|Steinwegenskoppel o.Nr.	53.652703	10.139076
26886	Heidloge o.Nr. westlich der Straße	53.642594	10.142666
26887	Andreasweg o.Nr. nördlich von Nr. 15	53.64077	10.142573
26901	Kritenbarg o.Nr. auf der Höhe von Nr. 8	53.652936	10.088213
26904	Poppenbüttler Markt o.Nr. bei Nr. 2	53.658763	10.086217
26987	Kanzlershof o.Nr. gegenüber Nr. 52	53.441214	10.011331
27036	Ole Boomgaarden o.Nr. auf dem Waldfriedhof Wohldorf	53.707525	10.154722
27038	Duvenstedter Triftweg o.Nr. Duvenstedter Brook. Beim Fuchsberg.	53.722959	10.153867
27039	Duvenstedter Triftweg o.Nr. Duvenstedter Brook.	53.721379	10.162415
27040	Duvenstedter Triftweg o.Nr. nordwestlich der Straße	53.716417	10.154275
27041	Duvenstedter Triftweg o.Nr.	53.71519	10.154306
27042	Duvenstedter Triftweg o.Nr.	53.718285	10.161322
27043	Moordamm (Hoisbüttel), nordöstliche Ecke	53.709983	10.177988
27044	Bredenbekkamp o.Nr.	53.682043	10.15067
27046	Brandheide o.Nr.	53.688348	10.155209
27047	Brandheide o.Nr.	53.688403	10.155795
27048	Brandheide o.Nr.	53.68849	10.155905
27049	Brandheide o.Nr.	53.688843	10.155704
27050	Mühlenbrook o.Nr.	53.689583	10.157471
27051	Mühlenbrook o.Nr.	53.689407	10.157394
27052	Mühlenbrook o.Nr.	53.689438	10.158266
27053	Mühlenbrook o.Nr.	53.690185	10.158764
27054	Mühlenbrook o.Nr.	53.690258	10.158916
27078	Bergstedter Ortskern		
27092	Rodenbeker Straße o.Nr.	53.672022	10.123084
27093	Bergstedter Chaussee o.Nr. nördlich von Nr. 251	53.677044	10.143373
27100	Woold o.Nr.	53.669583	10.125112
27150	Curslacker Heerweg o.Nr. nördlich von Nr. 5	53.449719	10.230171
27172	Curslacker Deich o.Nr. bei Nr. 142	53.449028	10.228015
27188	Hofanlage Altengammer Elbdeich 166	53.428066	10.272496
27199	Horster Damm o.Nr. gegenüber von Nr. 351	53.46628	10.258909
27205	Altengammer Hausdeich o.Nr. nördlich Nr. 38a-84	53.428444	10.25116
27206	Moorburger Straße 16 Haus 073	53.475144	9.949944
27215	Bessenkamp o.Nr. gegenüber von Nr. 43	53.585498	10.187032
27217	Berner Brücke o.Nr. bei Nr. 4	53.628117	10.14248
27218	Meiendorfer Weg o.Nr. auf der Höhe von Nr. 70	53.636862	10.162495
27279	Altengammer Hausdeich o.Nr.	53.428444	10.25116
27298	Altrahlstedter Stieg o.Nr.|Anny-Tollens-Weg o.Nr.	53.598729	10.150037
27312	Ahrensburger Weg o.Nr. östlich von Nr. 136	53.658266	10.187501
27313	Ahrensburger Weg o.Nr. bei Nr. 140	53.658631	10.187796
27314	Ahrensburger Weg o.Nr. östlich von Nr. 143	53.659781	10.186845
27317	Ahrensburger Weg o.Nr. östlich von Nr. 136	53.658257	10.187506
27318	Moorbekweg o.Nr.	53.66339	10.183779
27319	Im Ulenbusch o.Nr.	53.667658	10.168608
27320	Im Regestall o.Nr. Beim Lottbeker Teich.	53.670942	10.161073
27322	Im Regestall o.Nr. Beim Lottbeker Teich.	53.670857	10.160953
27373	Im Alten Dorfe o.Nr.	53.648978	10.167331
27374	Im Alten Dorfe o.Nr.	53.648918	10.167424
27376	Schmalenremen o.Nr. auf dem Waldfriedhof, im Innenhof der Kapelle	53.668277	10.160499
27377	Wiesenhöfen o.Nr.	53.648918	10.167424
27378	Wiesenhöfen o.Nr.	53.648978	10.167331
27408	Im Regestall o.Nr.	53.664322	10.155796
27423	Am Friedhof o.Nr. auf der Höhe von Nr. 10	53.594952	10.153922
27443	Meiendorfer Straße  o.Nr., gegenüber Nr. 180	53.630742	10.182064
27458	Kirchenstegel o.Nr.	53.428713	10.269828
27461	Dove-Elbe		
27466	Reinbeker Weg o.Nr.|Sichter o.Nr.	53.48834	10.216408
27475	Tonndorfer Weg o.Nr.	53.596284	10.139933
27476	Birrenkovenallee o.Nr. südlich der Straße	53.608292	10.159061
27480	Mühlenbrook o.Nr.	53.690532	10.158946
27481	Im Regestall o.Nr. Unter der Lottbek.	53.670916	10.161592
27483	Alte Mühle o.Nr. bei Nr. 34	53.671026	10.108932
27484	Rabenhorst o.Nr. in der Grünanlage bei Nr. 13	53.641283	10.084649
27485	Claus-Ferck-Straße 1|Claus-Ferck-Straße 1a|Weiße Rose o.Nr.	53.648546	10.164197
27486	Ölmühlenweg o.Nr. zwischen Nr. 33a und 33b	53.582661	10.100058
27487	Josthöhe o.Nr. zwischen Nr. 92 und 98	53.637249	10.044212
27488	Josthöhe o.Nr. zwischen Nr. 59a und 67	53.637061	10.045435
27506	Am Soldatenfriedhof 21	53.462623	9.976279
27513	Dampfschiffsweg o.Nr.|Harburger Binnenhafen	53.473119	9.986092
27558	Neuengammer Hinterdeich o.Nr. ohne Nr.|Reitbrooker Hinterdeich o.Nr. ohne Nr.	53.456118	10.160063
27559	Neuengammer Hausdeich o.Nr. nördlich von Nr. 649	53.465475	10.172734
27561	Kraueler Hauptdeich o.Nr. nordöstlich von Nr. 261	53.403479	10.242808
27573	Jean-Dolidier-Weg o.Nr. bei Nr. 39	53.434425	10.233103
27574	Jean-Dolidier-Weg o.Nr. bei Nr. 39, hinter der Denkmalanlage für die KZ-Opfer	53.434499	10.233055
27582	Neuengammer Hausdeich o.Nr. bei Nr. 201	53.444082	10.230447
27585	Karkenstegel o.Nr. bei Nr. 5	53.44465	10.221495
27586	Karkenstegel o.Nr. bei Nr. 5	53.444859	10.221734
27591	Kraueler Hauptdeich o.Nr. südlich Nr. 115	53.397987	10.222034
27592	Kuwerdamm o.Nr.	53.427649	10.119759
27624	Norderquerweg o.Nr. bei Nr. 1	53.437155	10.188235
27632	Kirchenheerweg o.Nr. nördlich von Nr. 10	53.419059	10.199771
27633	Kirchenheerweg o.Nr. nördlich von Nr. 10	53.419113	10.199827
27634	Kirchenheerweg o.Nr. südlich von Nr. 28	53.41645	10.19596
27635	Durchdeich 47 an der Nordwestecke des Grundstücks Nr. 47	53.444205	10.123902
27637	Ochsenwerder Landscheideweg o.Nr. gegenüber von Nr. 214/ 216	53.450258	10.118538
27638	Alter Kirchdeich o.Nr. auf dem Friedhof	53.475991	10.08571
27639	Alter Kirchdeich o.Nr. auf dem Friedhof	53.476198	10.086704
27647	Ochsenwerder Kirchendeich o.Nr.	53.475121	10.082911
27650	Elversweg o.Nr.	53.469819	10.070703
27653	Alter Kirchdeich o.Nr.	53.475467	10.083578
27654	Alter Kirchdeich o.Nr. bei Nr. 5	53.475995	10.085957
27664	Sietwende o.Nr. auf der Kreuzung Vorderdeich	53.467787	10.148496
27665	Vorderdeich o.Nr. auf der Kreuzung	53.467807	10.148502
27666	Moorfleeter Deich o.Nr. gegenüber von Nr. 435	53.486835	10.097486
27669	Allermöher Deich o.Nr. bei der Reitbrooker Mühlenbrücke im Grünstreifen neben der Fahrbahn	53.468025	10.175816
27671	Allermöher Deich o.Nr. gegenüber von Nr. 119	53.481678	10.132124
27678	Billwerder Billdeich o.Nr. gegenüber von Nr. 146	53.513423	10.128863
27686	Billwerder Billdeich o.Nr. gegenüber von Nr. 140	53.514227	10.127611
27699	Moorfleeter Kirchenweg o.Nr.	53.511188	10.082412
27701	Moorfleeter Kirchenweg o.Nr. neben Nr. 56	53.511796	10.082203
27704	Moorfleeter Kirchenweg o.Nr. neben Nr. 56	53.51126	10.081817
27724	Feuerwache Bergedorf	53.487194	10.216443
27743	Bergedorfer Schloßstraße o.Nr. im Hof des Bergedorfer Schlosses	53.489623	10.212484
27755	Vinhagenweg o.Nr.  im Schlossgarten	53.489537	10.214957
27817	Museumsplatz o.Nr.	53.458732	9.977161
27842	Nartenstraße o.Nr.	53.46814	9.992252
27845	Sand o.Nr.	53.461623	9.981381
27877	Maretstraße  o.Nr.	53.456776	9.98158
27879	Moorwerder Norderdeich o.Nr.	53.473248	10.053079
27880	Moorwerder Hauptdeich o.Nr.	53.467869	10.053309
27881	Moorwerder Westerdeich o.Nr.	53.4778	10.043365
27929	Serrahn	53.488813	10.209307
27931	Serrahnstraße o.Nr.	53.489082	10.208705
27989	Neuengammer Stichkanal	53.432964	10.235914
27991	Klapperhof o.Nr.	53.496104	10.202072
27993	Foortstegel o.Nr.	53.448115	10.227491
27994	Foortstegel o.Nr.	53.447213	10.227414
27995	Achter de Wisch o.Nr.	53.446355	10.22465
27996	Feldstegel o.Nr.	53.445262	10.221293
27997	Karkenstegel o.Nr.	53.445649	10.222302
27998	Karkendamm o.Nr.	53.446413	10.222049
27999	Lütte Stegel o.Nr.	53.445761	10.224859
28005	Harburger Rathausplatz o.Nr. neben der Unterführung zum Sand	53.460879	9.980388
28017	Alte Harburger Elbbrücke o.Nr.	53.473486	9.994993
28051	Großmoordamm o.Nr. neben Nr. 277	53.446083	10.034066
28059	Besselstraße o.Nr.	53.443329	9.999492
28069	Auf der Höhe o.Nr.	53.505746	10.012765
28093	Speiseöl- und Fettfabrik Mohr (Ortsteilzentrum "Honigfabrik")	53.51572	9.982784
28104	Mannesallee o.Nr. südl. von Nr. 23	53.514178	9.990129
28130	Steintorwall o.Nr.	53.551957	10.005724
28143	Moorfleeter Deich o.Nr. gegenüber von Nr. 41	53.504634	10.091128
28147	Im Neugrabener Dorf o.Nr.	53.479031	9.858788
28168	Marmstorfer Weg o.Nr.	53.443244	9.973569
28185	Sinstorfer Kirchweg o.Nr. südwestlich von Nr. 8	53.424087	9.977169
28187	Sinstorfer Kirchweg o.Nr. neben Nr. 20	53.424584	9.974586
28190	Sinstorfer Kirchweg o.Nr. südwestlich von Nr. 8	53.424055	9.977373
28197	Feuerteichweg o.Nr.|Handweg o.Nr.	53.437019	9.965336
28199	Appelbütteler Weg o.Nr.|Feuerteichweg o.Nr.|Handweg o.Nr.	53.436583	9.963929
28201	Feuerteichweg o.Nr.	53.436232	9.96433
28207	Lürader Weg o.Nr. gegenüber dem Schulhaus	53.435673	9.964759
28265	Moorburger Straße 16 Haus 001	53.477434	9.952065
28266	Moorburger Straße 15 Haus 001-003	53.477567	9.951463
28274	Kuhtrift o.Nr. Neben 016	53.463146	9.924574
28298	Konsul-Ritter-Straße o.Nr.	53.470051	9.976335
28333	Moorwerder Hauptdeich o.Nr. Bunthäuser Spitze	53.456871	10.069082
28368	Schönenfelder Straße o.Nr.	53.501385	10.019242
28388	Stillhorner Weg o.Nr. Bei 050a	53.480074	10.026256
28389	Stillhorner Weg o.Nr. westlich von 056a	53.480952	10.027182
28420	Bonifatiusstraße 1 Bonifatiusplatz|Bonifatiusstraße o.Nr.	53.50437	9.986039
28429	Bahnbetriebswerk Hamburg-Wilhelmsburg	53.510938	10.006308
28442	Barkendal o.Nr. zugl. Hoppenstieg	53.458826	9.86431
28445	Fischbeker Heideweg o.Nr. an der Gabelung Fischbektal	53.443638	9.854413
28447	Fischbeker Weg o.Nr.	53.473327	9.828722
28467	Fischbektal o.Nr. an der Gabelung Fischbeker Heideweg	53.443638	9.854413
28477	Achtern Brack o.Nr.	53.508209	9.845948
28485	Neuenfelder Fährdeich o.Nr.	53.527174	9.7895
28486	Organistenweg o.Nr.	53.520856	9.808739
28499	Organistenweg o.Nr.	53.520697	9.811142
28504	Organistenweg o.Nr.	53.520798	9.811151
28507	Rosengarten o.Nr.	53.521791	9.809098
28508	Vierzigstücken o.Nr.	53.510159	9.834949
28509	Hasselwerder Straße o.Nr.	53.51804	9.813947
28511	Hohenwischer Straße o.Nr.	53.504486	9.868289
28524	Harburger Binnenhafen	53.470772	9.99037
28525	Harburger Holzhafen	53.470366	9.981577
28526	Harburger Werfthafen	53.470086	9.983819
28527	Kaufhauskanal	53.465888	9.98187
28528	Lotsekanal	53.467712	9.983538
28529	Östliche Binnengraft	53.468814	9.987781
28530	Östlicher Bahnhofskanal	53.46358	9.989456
28531	Schiffgraben	53.46796	9.993489
28532	Überwinterungshafen	53.469315	9.987927
28533	Verkehrshafen	53.469315	9.987927
28534	Westlicher Bahnhofskanal	53.464927	9.985605
28535	Ziegelwiesenkanal	53.467352	9.979904
28536	Lotsekai o.Nr.	53.467561	9.985082
28537	Holzhafenklappbrücke	53.468919	9.980688
28538	Nartenstraße o.Nr.	53.465783	9.989883
28539	Lotsestieg 4	53.467378	9.988256
28540	An der Horeburg o.Nr.	53.471099	9.987159
28548	Harburger Rathausplatz o.Nr.	53.459029	9.979688
28549	Falkenbergsweg o.Nr. o. Nr.	53.444556	9.868896
28550	Falkenbergsweg o.Nr. o. Nr.	53.442147	9.867136
28554	Falkenbergsweg o.Nr. Verlängerung des Falkenbergsweg als Wanderweg im Naturschutzgebiet Schwarzeberge	53.440519	9.863869
28555	Falkenbergsweg o.Nr. Verlängerung des Falkenbergsweg als Wanderweg im Naturschutzgebiet Schwarzeberge	53.440531	9.863442
28556	Falkenbergsweg o.Nr. Verlängerung des Falkenbergsweg als Wanderweg im Naturschutzgebiet Schwarzeberge	53.438436	9.860606
28566	Georg-Wilhelm-Straße 162|Mengestraße o.Nr.	53.499463	9.992555
28568	Äußerer Schmidtkanal	53.494802	9.982853
28569	Blumensand o.Nr. nördlich von Nr. 27	53.50345	9.959492
28572	Winsener Straße 220 Am südlichen Rand des Grundstücks	53.422494	9.978665
28573	Winsener Straße 220 Am südlichen Rand des Grundstücks	53.422259	9.977759
28577	Köhlbrandbrücke o.Nr.	53.519193	9.949717
28664	Finkenwerder Landscheideweg o.Nr.|Norderkirchenweg o.Nr.	53.528275	9.865332
28673	Busbrookhöhe o.Nr. Ecke Berner Heerweg	53.618297	10.125408
28684	Hachmannplatz o.Nr.	53.553932	10.007934
28691	Stenvort o.Nr.	53.56888	9.945638
28692	Rothenhauschaussee o.Nr. Nördlich von Nr. 189	53.476237	10.258644
28693	Rothenhauschaussee o.Nr. Nördlich von Nr. 203	53.474385	10.260004
28697	Alte Kollaustraße 44|Alte Kollaustraße 46|Nedderfeld o.Nr.	53.604159	9.965082
28701	Billhorner Deich o.Nr. südl. von Nr. 90	53.537772	10.042674
28702	Hachmannbrücke o.Nr.	53.520505	9.952701
28703	Howaldtbrücke	53.521453	9.94832
28987	Fernsichtbrücke o.Nr.	53.580801	10.002673
28990	Immenhöven o.Nr.	53.661021	10.022103
28991	Fritz-Schumacher-Allee o.Nr.	53.664763	10.027996
28993	Hartmannsau o.Nr.	53.662708	10.025907
29000	Finkenwerder Landscheideweg o.Nr.	53.52801	9.865424
29001	Kirchenaußendeichsweg o.Nr. 33	53.526668	9.865562
29016	Fischmarkt o.Nr.	53.545819	9.953421
29026	Harburger Rathausplatz o.Nr.	53.459033	9.979702
29036	Rabenhorst o.Nr. neben Nr. 7	53.641638	10.084177
29038	Sülldorfer Kirchenweg o.Nr. hinter Nr. 262	53.585801	9.794454
29040	Steinwegenskoppel 4|Steinwegenskoppel o.Nr.	53.65227	10.138176
29041	Steinwegenskoppel o.Nr. nördlich der Einmündung von Bartelssaal an der Westseite des Weges, der von Steinwegenskoppel kommt.	53.651455	10.137492
29042	Steinwegenskoppel o.Nr. südlich der Einmündung von Bartelssaal , nördlich eines Wanderweges nach Bekwisch.	53.651024	10.137308
29043	Rahmoor o.Nr.	53.633663	9.984696
29084	Cranachplatz o.Nr.	53.562757	9.888143
29151	Allianzhochhaus mit Altbau	53.548307	9.990936
29179	Dammtorwall 46|Gorch-Fock-Wall 21|Johannes-Brahms-Platz o.Nr.	53.556104	9.981135
29198	Droopweg o.Nr. hinter Nr. 33|Wichernsweg o.Nr. hinter Nr. 16	53.553081	10.063341
29200	Maschinenfabrik Gall & Seitz, ehem.	53.533037	9.97929
29205	Feuerwache Berliner Tor	53.554719	10.024278
29247	Helene-Lange-Gymnasium	53.573758	9.975128
29285	Arbeitsamt Harburg	53.463137	9.980491
29290	Lohseplatz o.Nr.|Steinschanze o.Nr.	53.541832	10.007413
29291	Dulsberg-Nord o.Nr.	53.584171	10.065616
29297	Am Kaiserkai o.Nr.	53.541315	9.989456
29304	Insel Neuwerk o.Nr. Kirchhofswisch	53.913801	8.500137
29305	Worthdamm o.Nr. östlich von Nr. 45a	53.528954	9.98341
29307	Reiherkai o.Nr.		
29309	Kronprinzkai o.Nr.		
29310	Travehafen	53.520971	9.967641
29311	Stettiner Ufer o.Nr.		
29313	Israelitische Töchterschule Karolinenstraße/ Flora-Neumann-Straße	53.560246	9.97474
29315	Pianoforte-Mechaniken-Fabrik Isermann Schulterblatt	53.561209	9.963509
29317	Hafenkrankenhaus Seewartenstraße/Zirkusweg	53.547822	9.969604
29318	Wohnhaus Fritz Schumacher An der Alster 39	53.559077	10.009962
29319	Postzeugamt	53.556926	9.986098
29321	Christianeum	53.557627	9.8736
29322	Heilige Dreieinigkeitskirche	53.556537	10.007896
29323	Norddeutsche Grossverzinkerei Apparatebau Carl Sager	53.537652	10.054008
29325	Liebigbrücke	53.536045	10.073452
29326	Kinderkrankenhaus Rothenburgsort und Schule	53.535036	10.045649
29329	Freihafenelbbrücke o.Nr.	53.533195	10.022075
29332	Schokoladenfabrik Wendenstraße	53.547941	10.032893
29333	St.-Olaf-Kirche	53.553713	10.098049
29334	Schule Rhiemsweg	53.554211	10.075288
29336	Wasserwerk Billstedt Öjendorfer Weg	53.541969	10.11061
29337	St.-Paulus-Kirche	53.539973	10.107525
29341	Trinitatiskirche	53.530367	10.127929
29343	Friedhof Schiffbek	53.55238	10.115361
29344	Friedhof Öjendorf	53.556714	10.128574
29345	Halskestraße o.Nr. nördlich der Halskebrücke	53.52665	10.074596
29346	Ausschläger Allee o.Nr. nördlich der Tiefstacker Brücke	53.529517	10.068803
29347	Schiffsladebrücke mit Kran am Moorfleeter Kanal	53.52397	10.072333
29349	Neue Elbbrücke o.Nr.	53.5318	10.025962
29350	Faßabfüll- und Lagerhallen der Firma Texaco Reiherdamm	53.528732	9.97816
29353	Aueschule Finkenwerder; Schule Ostfrieslandstraße	53.527664	9.885015
29356	Kongresszentrum und Hotelhochhaus (Radisson SAS-Hotel)	53.56152	9.986453
29357	Schule Burgstraße	53.556718	10.038964
29367	Palmaille o.Nr.	53.54625	9.940637
29368	Arbeitsamt Altona	53.565868	9.943515
29375	Schule Moortwiete in der Daimlerstraße	53.559084	9.921441
29380	Hof Eggerstedt Bockhorst 163	53.571559	9.841318
29385	Armenhaus Altona Lübbersmeyerweg	53.57505	9.85518
29395	Georg-Bonne-Straße 86	53.553056	9.849475
29399	Landhaus Roosen	53.55059	9.848078
29400	Gasthaus Louis C. Jacob Elbchaussee	53.550368	9.843867
29420	Statthalterplatz 2	53.55861	9.886276
29421	Christuskirche	53.553357	9.892183
29423	Betty-Stift	53.547485	9.913742
29430	Hochrad o.Nr. gegenüber von Nr. 75	53.554946	9.866358
29439	Friedhofskapelle Blankenese mit Glockenturm	53.576289	9.800207
29443	Schule Kahlkamp	53.560922	9.805403
29446	Gasthausanlage Süllbergsterrasse 2	53.559855	9.800894
29450	Landsitz Münchmeyer	53.566695	9.756227
29452	Gudrunstraße o.Nr.	53.588013	9.760306
29453	Arbeiterwohnhäuser Falkensteiner Weg 2, 4a/4b	53.562649	9.779608
29454	Schule Schulkamp	53.552555	9.846851
29456	Georg-Bonne-Straße 53	53.552559	9.84893
29469	Bei der Paul-Gerhardt-Kirche o.Nr. nördlich von Nr. 2-6	53.561829	9.921871
29470	Bugenhagenkirche	53.572982	9.868748
29472	Fabrik Conz-Elektrizitäts-Gesellschaft	53.561704	9.914026
29473	Sarlingheim Von-Hutten-Straße	53.571006	9.909003
29489	Elbchaussee / Övelgönne	53.545239	9.909893
29507	Blankeneser Bahnhofstraße o.Nr.|Mühlenberger Weg o.Nr.	53.561557	9.812012
29512	Bethlehemkirche, ehem.	53.576917	9.963001
29513	Harvestehuder Weg o.Nr. neben Nr. 1 a	53.567301	10.001959
29515	Synagoge Hohe Weide	53.572889	9.969121
29524	Alsterpark / Alstervorland	53.572801	10.001032
29534	Verheißungskirche	53.635268	9.957487
29540	Sassenhof	53.630101	9.930885
29548	Alsterufer o.Nr. Ecke Fontenay	53.56488	9.999006
29551	AKN-Bahnhof Eidelstedt-Ost Nebenbahnstraße	53.61198	9.902488
29567	Tabakfabrik Hoheluftchaussee	53.582288	9.970331
29571	Siemersplatz o.Nr.	53.599294	9.965215
29572	Russisch-orthodoxe Kirche des seligen Prokop	53.584223	9.946851
29576	Neuapostolische Kirche - Pastorat	53.585879	9.978808
29577	Gymnasium Curschmannstraße	53.587832	9.97595
29581	Kellinghusens Park	53.58885	9.98868
29585	Martinistraße o.Nr.	53.590177	9.976595
29594	Krugkoppel o.Nr.	53.579034	9.998479
29602	Epiphanienkirche Winterhude	53.588617	10.02291
29605	Fachhochschule, Fachbereich Architektur / Bauingenieurwesen Hebebrandstraße	53.607774	10.029199
29606	Alsterdorfer Sporthalle	53.602702	10.002158
29609	Fabrikanlage Schülke und Mayr Moorfurthweg	53.584669	10.008845
29618	Alsterkanal im Abschnitt zwischen Fuhlsbütteler Schleuse und Krugkoppelbrücke:, U-Bahnhof Klosterstern	53.611656	10.010587
29622	Hauptfriedhof Ohlsdorf	53.622276	10.058978
29626	Schule Ratsmühlendamm	53.626274	10.020896
29633	Schule Osterbekstraße	53.584024	10.032609
29646	Christuskirche Wandsbek und Friedhof	53.572834	10.071554
29652	Kirche Der Gute Hirte	53.571498	10.120474
29659	Cantatekirche Duvenstedt	53.704705	10.106544
29660	Duvenstedter Damm o.Nr. neben Nr. 29	53.706932	10.111099
29667	Veringkanal	53.508952	9.982923
29668	Kupferdamm o.Nr. in den Anlagen am Kupferteich	53.596158	10.118416
29673	Bramfelder Dorfplatz o.Nr. südlich von Nr. 1	53.614038	10.076395
29674	Am Ehrenmal o.Nr. westlich von Nr. 14a	53.624567	10.081262
29676	Vicelinkirche	53.65428	10.113306
29682	Poppenbüttler Hauptstraße o.Nr.	53.659847	10.086674
29683	Saseler Damm o.Nr. westlich von Nr. 38, in den Alsteranlagen an der Poppenbütteler Schleuse	53.657009	10.088475
29691	Redderbarg o.Nr. gegenüber von Nr. 39	53.681938	10.102438
29704	Mühlenredder o.Nr. im Wohldorfer Wald	53.702972	10.132051
29705	Kriegerdenkmal auf dem Waldfriedhof Ole Boomgaarden	53.707525	10.154722
29709	Haus Maetzel	53.66028	10.171347
29712	St.-Gabriel-Kirche	53.660133	10.168873
29726	Im Alten Dorfe o.Nr. vor Nr. 41, Ecke Eulenkrugpfad	53.649361	10.167544
29736	Deepenhorn o.Nr. gegenüber von Heubergerstraße 22	53.630123	10.162155
29737	Rahlstedter Bahnhofstraße o.Nr.	53.600071	10.154115
29738	Helmut-Steidl-Platz o.Nr. neben Rahlstedter Bahnhofstraße 4b	53.60452	10.154861
29741	Altengammer Hausdeich o.Nr. hinter Altengammer Hausdeich 84 bis Altengammer Elbdeich 166	53.437726	10.259429
29774	Riepenburger Mühle Kirchwerder Mühlendamm 75, 75a	53.40823	10.208431
29792	Alter Kirchdeich o.Nr. auf dem Friedhof	53.476097	10.084594
29830	Dreifaltigkeitskirche Harburg	53.462768	9.980404
29834	Neuer Friedhof Bergedorf	53.479511	10.245587
29836	Schule Am Brink (ehem.)	53.484906	10.216812
29850	Harburger Stadtpark	53.446436	9.975514
29876	Rethebrücke o.Nr.	53.503951	9.96666
29885	St. Pankratius in Neuenfelde	53.520744	9.811038
29894	St.-Maximilian-Kolbe-Kirche	53.498267	10.013485
29896	Mariä-Himmelfahrt-Kirche / Landhaus Söchting	53.608361	10.155752
29908	Bei den Mühren 66, 69, 69a	53.544991	9.991833
29909	Spiegel-Haus und IBM-Haus	53.547105	9.998726
29910	Brandstwiete / Willy-Brandt-Straße / Zippelhaus	53.546792	9.996578
29911	Speicherstadt	53.544668	9.993722
29912	Kontorhausviertel	53.548891	10.001577
29913	Altstädter Hof, westlicher Bauteil (Burchardstraße / Mohlenhofstraße / Steinstraße)	53.549573	10.00087
29914	Speicherensemble Cremon 33-36	53.545966	9.988519
29917	Deichtorhallen Deichtorstraße	53.546743	10.00577
29918	Hesse-Newman-Haus / Friedrichshof	53.553727	10.00016
29920	Kunsthalle	53.555282	10.00303
29923	Kirchenruine Hauptkirche St. Nikolai Hopfenmarkt / Neue Burg / Ost-West-Straße / Wölberstieg	53.547531	9.991146
29924	Hopfensack / Kleine Reichenstraße / Schopenstehl	53.548561	9.998861
29929	Kleine Reichenstraße / Schopenstehl	53.548566	9.997964
29930	Klöpperhaus Bugenhagenstraße / Lange Mühren / Mönckebergstraße	53.551125	10.004255
29931	Altstädter Hof, östlicher Bauteil (Altstädter Hof / Springeltwiete / Steinstraße)	53.549671	10.002427
29932	Barkhof I-III	53.551756	10.002629
29933	Bibliothek Barkhof / Mönckebergstraße	53.549525	9.996425
29934	Postamt 11 Mönkedamm	53.549238	9.98921
29935	Neue Gröningerstraße / Zippelhaus	53.546444	9.995838
29937	Rathausmarkt	53.551123	9.993281
29939	Alter Wall / Rathausmarkt	53.5508	9.99099
29943	Admiralitätshof & Neidlinger-Haus	53.54894	9.984672
29944	Alsterarkaden	53.552084	9.992496
29946	Alter Steinweg / Großneumarkt / Steinwegpassage / Wexstraße	53.551052	9.981589
29948	Bäckerbreitergang / Dragonerstal	53.55512	9.981725
29951	Colonnaden	53.556339	9.990353
29954	Siedlung Breiter Gang / Kohlhöfen / Kornträgergang / Neustädter Straße / Rademachergang	53.552448	9.982152
29958	Bleichenbrücke / Neuer Wall / Stadthausbrücke	53.55084	9.98665
29960	Am Brunnenhof 22, 24 / Gilbertstraße 31	53.554235	9.958549
29962	Alter Elbpark	53.547792	9.971105
29965	Montblanc-Fabrik	53.562126	9.965265
29967	Detlev-Bremer-Straße / Hamburger Berg / Hein-Hoyer-Straße / Rendsburger Straße / Seilerstraße / Simon-von-Utrecht-Straße	53.550699	9.963416
29973	Abraham-Philipp-Schuldt-Stift Pilatuspool	53.553424	9.97792
29974	Siedlung Böhmkenstraße / Hohler Weg / Jacobstraße / Rothesoodstraße / Venusberg	53.547342	9.975583
29975	Denkmale Dammtordamm / Stephansplatz	53.558949	9.989159
29976	Dienstgebäude Justizbehörde und Post-Zollabfertigungsstelle	53.557042	9.985163
29977	Unilever-Haus	53.556328	9.983507
29978	Postgebäude Stephansplatz	53.557641	9.986268
29980	Ditmar-Koel-Straße / Rambachstraße / Reimarusstraße	53.545847	9.974845
29982	Gänsemarkt / Gerhofstraße / Neue ABC-Straße / Lessingdenkmal	53.555183	9.988105
29983	Untersuchunghaftanstalt Holstenglacis	53.558208	9.979367
29985	Hütten 82, 83 und 85-87	53.550467	9.975624
29989	Bei der Schilleroper / Beim Grünen Jäger	53.558051	9.962873
29996	Brigittenstraße / Clemens-Schultz-Straße/Paulinenplatz/Wohlwillstraße (Conle-Terrassen/Jägerpassage)	53.553558	9.961518
30000	Clemens-Schultz-Straße / Detlev-Bremer-Straße / Rendsburger Straße	53.552027	9.964559
30002	Johannes-Brahms-Platz / Kaiser-Wilhelm-Straße / Poolstraße	53.554783	9.98031
30003	Alsterarkaden / Jungfernstieg / Neuer Wall		
30007	Hauptkirche St. Michaelis	53.548383	9.979215
30008	Krameramtswohnungen Krayenkamp	53.548014	9.980203
30012	Kirche St. Ansgar und St. Bernhard und Katholische Akademie Herrengraben / Ludwig-Erhard-Straße / Michaelisstraße	53.548974	9.982928
30014	Justizforum Gerichtsgebäude Sievekingplatz	53.556281	9.97733
30015	Schier's-Passage	53.555266	9.983018
30017	Zeughausmarkt 33, 34	53.549105	9.973858
30018	Dragonerstall / Johannes-Brahms-Platz / Kaiser-Wilhelm-Straße	53.555098	9.9811
30019	Pilatuspool / Poolstraße	53.554093	9.979338
30020	Bernhard-Nocht-Straße / Davidstraße	53.54716	9.962399
30025	Siedlung Nordmeerstraße / Nordmeertwiete / Wikingstraße	53.531665	9.859369
30026	Leuchtturm Neuwerk / Nord- und Ostbake Neuwerk	53.921409	8.496829
30027	Erlöserkirche Borgfelde	53.555214	10.027271
30028	Kreuzkirche Billstedter Hauptstraße	53.537597	10.106422
30029	Gemeindezentrum Mümmelmannsberg	53.527017	10.148897
30030	Siedlung Dobbelersweg / Droopweg / Wackerhagen	53.552493	10.060531
30031	Blohm & Voss	53.539207	9.958751
30033	Ellerholzschleuse	53.525998	9.97332
30034	Grevenhofschleuse	53.532932	9.969272
30035	Roßwerft / Vulcanwerft / MAN-Motorenwerk	53.524794	9.950531
30036	Schanzenweg 10, 10a, 12, 12a	53.54228	9.966719
30037	Kräne am Auguste-Victoria-Kai / Nehlsstraße	53.533306	9.957627
30039	Flintwerft Ellerholzdamm	53.533612	9.973774
30040	Siedlung Arnkielstraße / Missundestraße / Langenfelder Straße	53.564857	9.952568
30041	Gefionstraße / Missundestraße	53.564631	9.951165
30042	Alsenplatz / Eimsbütteler Straße / Langenfelder Straße	53.56587	9.95274
30047	Eggerstedtstraße / Zeiseweg	53.559194	9.947477
30048	Duschweg / Langenfelder Straße	53.563278	9.957664
30050	Schulen Thedestraße / Virchowstraße	53.555162	9.949283
30051	Esmarchstraße / Thedestraße	53.554489	9.949121
30053	Glashüttenstraße / Marktstraße / Mathildenstraße / Karolinenstraße	53.55829	9.973273
30055	Karolinenpassage Karolinenstraße / Glashüttenstraße	53.55926	9.97414
30056	Glashüttenstraße / Karolinenstraße	53.559057	9.974113
30057	Quarantäneanlagen Schlachthof Vorwerkstraße	53.55961	9.97041
30059	St.-Josephs-Kirche	53.551374	9.957189
30060	Große Freiheit / Kleine Freiheit / Pestalozzi-Schule	53.55249	9.957383
30061	Große Freiheit 73, 75	53.552458	9.958009
30062	Paulinenplatz / Hein-Hoyer-Straße	53.553832	9.962904
30067	Kastanienallee / Zirkusweg	53.548493	9.966996
30071	Viehhof Sternschanze Lagerstraße	53.562978	9.967384
30072	Neuer Kamp / Neuer Pferdemarkt	53.557356	9.964856
30074	Schlachthof, südlicher Teil	53.558003	9.967711
30077	Rosenhofstraße / Schulterblatt / Susannenstraße	53.562257	9.96227
30079	Wohnterrassen Bach-Terrasse / Hamburger Hof	53.560825	9.964262
30081	Bernhard-Nocht-Straße / St. Pauli Hafenstraße	53.546653	9.960902
30082	Wissler-Terrasse	53.558257	9.96658
30083	Zollischeck-Terrasse	53.558508	9.966417
30084	Augustenpassage / Sternstraße / Neuer Pferdemarkt	53.559021	9.965692
30087	Amalien-Stift	53.5553	10.020367
30088	Koppel / Spadenteich	53.556066	10.008302
30089	Adenauerallee / Pulverteich	53.553107	10.015171
30093	An der Alster / Holzdamm	53.556196	10.004703
30094	Technische Staatslehranstalten	53.556168	10.022703
30095	Besenbinderhof	53.550799	10.013263
30099	Hansaplatz mit Bebauung Bremer Reihe / Brennerstraße / Ellmenreichstraße /  Hansaplatz / Kirchenweg / Robert-Nhil-Straße / Rostocker Straße / Stralsunderstraße / Zimmerpforte	53.554281	10.011538
30108	Institute Bernhard-Nocht-Straße, Bernhard-Nocht-Institut	53.546696	9.966003
30111	Holzdamm / Rautenbergstraße / St. Georgs Kirchhof / St. Georgstraße	53.556284	10.006703
30113	Kirchenallee 23, 24, 25, 26, 27, 30	53.555565	10.007212
30115	Koppel / Lange Reihe	53.556563	10.009238
30116	August-Heerlein-Stift, ehem. (Heerlein- und Zindler-Stiftung)	53.557739	10.008662
30119	Heinrichsterrasse Lange Reihe 87/ Koppel	53.558606	10.012029
30120	Schmilinskystraße / Koppel	53.559562	10.012079
30121	Koppel / Lange Reihe / Schmilinskystraße	53.559332	10.012954
30123	Lange Reihe 34, 38	53.556273	10.010101
30125	Lange Reihe 89-93, 97	53.558752	10.012546
30126	Lange Reihe 92, 92-1, 91-2, 92-3	53.558149	10.013486
30127	Lange Reihe / Schmilinskystraße	53.558513	10.013344
30128	Lange Reihe 115, 117	53.560033	10.014212
30130	AK St. Georg	53.559397	10.017329
30131	Siedlung Nagelsweg 10-16	53.550958	10.015989
30134	St. Georgs Kirchhof 19, 22, 23, 24	53.55697	10.007818
30135	Kattenhof St. Georgstraße	53.555884	10.006696
30136	Billhorner Mühlenweg / Billwerder Neuer Deich / Hardenstraße	53.536095	10.031656
30137	Brandshofer Deich 64-66, 114-118	53.537404	10.028664
30139	Ausschläger Elbdeich 72, 72a	53.530482	10.048433
30140	Siedlung Am Gleise / Immanuelplatz / Veddeler Damm / Wilhelmsburger Straße	53.524682	10.01616
30141	Siedlung Immanuelplatz / Immanuelstieg / Veddeler Damm / Veddeler Brückenstraße / Wilhelmsburger Straße	53.524426	10.017083
30142	Siedlung Am Gleise / Veddeler Damm / Wilhelmsburger Platz / Wilhelmsburger Straße	53.52374	10.015402
30143	Kasernenanlage Polizeikaserne Am Zollhafen	53.52341	10.017854
30144	Schule Slomanstieg	53.526707	10.019375
30146	Siedlung Gerichtstraße / Löfflerstraße	53.556208	9.9398
30148	Siedlung Kieler Straße / Langenfelder Straße / Ophagen / Waidmannstraße	53.569145	9.944193
30149	Hoherade / Ophagen / Pinneberger Weg	53.570111	9.948013
30150	Mennonitenkirche in Altona	53.567311	9.9487
30152	St.-Marien-Kirche (Mariendom)	53.557404	10.013907
30154	Högerdamm / Woltmanstraße	53.547024	10.012297
30155	Großmarkt Hamburg	53.542962	10.017378
30156	Münzburg	53.549148	10.013293
30157	Münzplatz / Münzstraße / Norderstraße	53.54927	10.01174
30158	Hammerbrook-Schleuse Stadtdeich / Banksstraße	53.544093	10.012059
30159	Blumenmarkthalle Klosterwall	53.548734	10.006899
30160	Schule Griesstraße / Marienthaler Straße	53.564768	10.06108
30161	Siedlung Hammer Steindamm / Lohhof / Moorende	53.559687	10.054011
30163	Simeonkirche, ehem. (heute Kirche des Hl. Nikolaos)	53.560423	10.043603
30164	Schule Caspar-Vogt-Straße / Quellenweg	53.561747	10.061495
30165	Dreifaltigkeitskirche Hamm Horner Weg	53.555803	10.057195
30166	Hammer Park	53.558787	10.057696
30169	Emmaus-Kirche Eckermannstraße mit Pastoraten und Kriegerdenkmal	53.514398	9.990162
30171	Kraftwerk Anton-Ree-Weg / Bullerdeich	53.543568	10.036503
30172	Siedlung Chapeaurougeweg 23-37	53.559193	10.062652
30173	Siedlung Caspar-Voght-Straße / Marienthaler Straße	53.564729	10.05818
30174	Chateauneufstraße / Am Hünenstein	53.562535	10.05769
30176	Eitzensweg / Wicherns Garten / Wichernsweg	53.551575	10.063518
30177	Schule Osterbrook	53.54871	10.055989
30178	Timotheuskirche	53.549012	10.09176
30179	Siedlung Auersreihe / Grosseweg	53.547894	10.090087
30180	Siedlung Hasencleverstraße / Stengelestraße / Von-Elm-Weg / Washingtonallee	53.54978	10.088964
30181	Volksschule Beim Pachthof	53.551668	10.082701
30183	Wohnanlage "Horner Geest"	53.554059	10.095297
30184	Blohms Park	53.552093	10.074936
30186	Siedlung Billstedter Mühlenweg / Kapellenstraße	53.536193	10.116149
30188	An der Glinder Au / Mümmelmannsberg	53.530792	10.131443
30191	Altes Pastorat Steinbeker Hauptstraße	53.528984	10.128396
30193	Terrassenanlage Vierländer Damm 274-276	53.531704	10.049616
30194	Filterwerk Kaltehofe Kaltehofe-Hauptdeich / Kaltehofe-Hinterdeich	53.52404	10.053962
30195	Schöpf- und Vorklärwerk Billwerder Insel, ehem.	53.505253	10.066298
30197	Beeselandbrücke und Reginenortbrücke	53.522	10.027579
30198	Moorkanalbrücken	53.518588	10.043226
30199	An der Hafenbahn / Harburger Chaussee	53.520411	10.007331
30200	Kaischuppen 50-52 Australiastraße / Bremer Kai	53.528455	9.99769
30201	Polizeikaserne Veddeler Damm	53.528703	9.981959
30202	Anlagen am Lübecker Kai	53.524365	10.006399
30203	Siedlung Brunnenstieg / Finkenwerder Norderdeich / Kneienblick	53.534353	9.868065
30204	Kirche St. Nikolai Finkenwerder mit Lüneburger Friedhof und Altem Friedhof Kirchenaußendeichsweg / Finkenwerder Landscheideweg / Norderkirchenweg	53.527477	9.865413
30205	Auedeich 52, 54	53.528993	9.885017
30206	Emder Straße / Garnstück	53.53049	9.882329
30207	Sandhöhe 16, 18	53.530795	9.882966
30208	Siedlung Benittstraße / Finksweg / Focksweg / Schloostraße	53.534028	9.878289
30212	Wallanlagen	53.554631	9.981014
30213	Lagerhäuser F und G am Dessauer Ufer	53.525849	10.011199
30214	St. Gertrud-Stift	53.558102	10.034028
30215	Christuskirche Suttnerstraße	53.561067	9.950349
30217	Glücksburger Straße / Langenfelder Straße	53.568468	9.948525
30218	Barnerstraße / Gaußstraße / Große Rainstraße / Scheel-Plessen-Straße	53.5553	9.933459
30221	Nernstweg 15-25, 6-30	53.555952	9.931172
30223	Bei der Osterkirche 1, 3, 5, 7, 9, 11	53.555661	9.931919
30230	Barnerstraße / Borselstraße / Friedensallee	53.555315	9.926564
30233	Hoherade / Övelgönner Straße / Pinneberger Weg	53.570742	9.946423
30234	Siedlung Gerichtstraße / Hans-Sachs-Straße / Haubachstraße / Schnellstraße	53.557465	9.941057
30235	Siedlung Kieler Straße / Lunapark / Memellandallee / Waidmannstraße	53.567753	9.943257
30236	Von-Nyegaard-Stift	53.557678	9.945835
30239	Siedlung Arnisstraße / Augustenburgerstraße / Düppelstraße / Gefionstraße / Kieler Straße / Koldingstraße	53.564831	9.947602
30241	Billrothstraße / Virchowstraße / Esmarchstraße	53.553895	9.948497
30242	Bei der Johanniskirche / Wohlers Allee / Max-Brauer-Allee	53.560419	9.954373
30245	Lessers Passage	53.548833	9.942511
30249	Amundsenstraße / Breite Straße / Kirchenstraße	53.54692	9.949847
30250	Bei der Johanniskirche 3-20, 22, o.Nr., Wohlers Allee 3	53.55986	9.9534
30251	Amundsenstraße / Breite Straße / Palmaille / Sägemühlenstraße / Schleestraße	53.546065	9.945558
30252	Altonaer Rathaus / Platz der Republik	53.548375	9.93541
30254	Dohrnweg / Paulsenplatz / Mistralstraße / Stresemannstraße	53.56	9.956844
30255	Billrothstraße / Esmarchstraße / Lornsenplatz	53.554271	9.942863
30256	Grabsteine und Erinnerungsmale Behnstraße/ Struenseestraße	53.547045	9.94271
30260	Ensemble Bei der Friedenseiche / Lornsenplatz / Max-Brauer-Allee / Willebrandstraße	53.554149	9.941127
30261	Dultz'sche Häuser Palmaille 104-106	53.546739	9.93916
30263	Esmarchstraße / Hospitalstraße / Stuhlmannstraße	53.554151	9.946191
30264	St.-Pauli-Kirche mit Kirchhof und Nebengebäuden	53.546893	9.956782
30267	Billrothstraße / Thedestraße	53.553556	9.948848
30268	St.-Petri-Kirche Altona	53.549219	9.938434
30269	Julius-Leber-Straße / Präsident-Krahn-Straße	53.555394	9.936802
30271	Siedlung Friedrich-Ebert-Hof Ottensen	53.557662	9.91244
30275	Siedlung Arnkielstraße / Langenfelder Straße	53.564428	9.95389
30276	Viktoria-Kaserne Goldbachstraße / Haubachstraße / Zeiseweg	53.559028	9.943149
30279	Am Felde / Klausstraße / Lobuschstraße	53.550124	9.932836
30281	St.-Marien-Kirche und Schule	53.55132	9.924378
30283	Elbchaussee / Rothestraße	53.546673	9.928871
30285	Elbchaussee / Rainvilleterrasse	53.546331	9.931318
30287	Siedlung Neumühlen/Övelgönne	53.544853	9.907572
30290	Arnoldburg / Arnoldstraße / Keplerstraße	53.549409	9.926588
30293	Bei der Reitbahn / Eulenstraße / Große Brunnenstraße / Kleine Brunnenstraße / Ottenser Hauptstraße / Rothestraße	53.551208	9.926023
30294	Fischers Allee / Große Brunnenstraße / Holstentwiete	53.552787	9.922932
30296	Schulterblatt 75, 79- 83	53.562541	9.960868
30297	Palmaille 45, 49, 51	53.545758	9.939169
30302	Altes Allgemeines Krankenhaus Altona Max-Brauer-Allee / Hospitalstraße / Holstenstraße	53.556733	9.947589
30305	Schiffsschraubenfabrik Zeise	53.554236	9.926849
30306	Friedrich-Ebert-Hof	53.554737	9.911074
30307	Beetsweg / Erzbergerstraße	53.550849	9.931944
30308	Julius-Leber-Straße / Löfflerstraße	53.555832	9.939419
30309	Bodenstedtstraße / Helenenstraße / Zeiseweg	53.558234	9.945012
30312	Güterbahnhof / Bahnbetriebswerk Altona	53.558744	9.937063
30313	Altonaer Spar- und Bauverein Goetheallee / Max-Brauer-Allee	53.554229	9.939525
30315	Levy's Passage	53.557703	9.955444
30316	Baur'sche Warteschule und Arbeitsschule für Knaben Thedestraße	53.552725	9.948408
30318	Schomburgstraße 118a-d, f	53.55354	9.941636
30320	Hospitalstraße / Esmarchstraße / Virchowstraße / Chemnitzstraße	53.55502	9.947602
30321	Esmarchstraße / Lornsenplatz / Schumacherstraße	53.55464	9.942505
30322	Esmarchstraße / Virchowstraße	53.55408	9.947759
30323	Holstentwiete 20/ 22, 26	53.552516	9.922986
30324	Donnerstraße / Fischers Allee / Keplerstraße	53.549831	9.923071
30325	Keplerstraße / Große Brunnenstraße	53.549953	9.925071
30326	Palmaille 126-126b, 130-130b	53.546745	9.937066
30327	Fischers Allee / Holstentwiete	53.552158	9.922947
30331	Kaserne Iserbrook / Reichspräsident-Ebert-Kaserne Osdorfer Landstraße	53.573174	9.827968
30332	Goldbachstraße / Haubachstraße / Schnellstraße	53.558389	9.941152
30333	Alleeabschnitte Julius-Leber-Straße und Max-Brauer-Allee mit Platzanlage Bei der Friedenseiche	53.555759	9.941639
30334	Goetheallee / Julius-Leber-Straße	53.555388	9.937649
30337	Klopstockterrasse / Rainvilleterrasse	53.545923	9.931812
30338	Oberrealschule Altona / Lankenau-Stift / Kinderkrankenhaus Altona / Frauenklinik Altona	53.552133	9.914708
30339	Christianskirche Ottensen (Kirchengebäude und Friedhof)	53.546992	9.932891
30343	Fabrikanlage Dezimalwaagenfabrik / Gerbereimaschinen-Fabrik	53.556538	9.9231
30344	Bielfeldtstraße / Grünebergstraße / Othmarscher Kirchenweg
  
  Einfriedung, Hecken, Treppen?	53.551499	9.911194
30345	Siedlung Am Rathenaupark / Bernadottestraße / Bleickenallee / Griegstraße / Grünebergstraße / Othmarscher Kirchenweg	53.55023	9.910877
30346	Borselstraße / Bunsenstraße / Helmholtzstraße / Ohmstraße	53.557896	9.923118
30347	Am Felde / Bahrenfelder Straße	53.548539	9.931893
30348	Heine-Park / Elbchaussee 29, 31, 43	53.545781	9.927907
30349	Seefahrtsschule Rainvilleterrasse	53.545833	9.930688
30350	Am Felde 87-99, 134-148	53.551642	9.932413
30354	Am Felde / Ottenser Marktplatz	53.548242	9.933215
30360	Braunschweiger Straße / Winterstraße	53.549696	9.933698
30362	Maschinenfabrik Gutmann, Völckersstraße	53.557475	9.92705
30363	Huckauf & Bülle Maschinen- und Mühlenfabrik (Borselhof)	53.556571	9.926404
30365	Bleickenallee / Hohenzollernring	53.550467	9.917049
30367	Große Rainstraße / Hahnenkamp	53.553534	9.932924
30371	Realschule Altona Bleickenallee / Fischers Allee	53.550335	9.921762
30372	Hof Behrmann Sülldorfer Kirchenweg 259, 259a-259h	53.585349	9.793376
30373	Lachmannweg / Schenefelder Landstraße	53.569556	9.825872
30374	Hof von Appen Lehmkuhlenweg 9-11	53.584447	9.792452
30377	Ehrenbergstraße / Schillerstraße	53.550261	9.938167
30379	Ensemble Hauptkirche St. Trinitatis	53.548683	9.950797
30382	Carsten-Rehder-Straße / Große Elbstraße	53.544487	9.947355
30384	Pinnasberg 60-63, 70, 72	53.546501	9.954805
30385	Friedhof Norderreihe (Wohlers Park)	53.558204	9.952749
30386	Dehn'sche Häuser Palmaille 112-120	53.546731	9.938239
30388	Stützmauern und Treppen Breite Straße / Fischmarkt / Carsten-Rehder-Straße / De-Voß-Straße	53.545573	9.949802
30389	Joseph-Leja-Stift Thadenstraße	53.557787	9.956508
30390	Blankeneser Hauptstraße / Hans-Lange-Straße	53.559173	9.803748
30391	Blankeneser Hauptstraße / Bremers Weg	53.5582	9.809415
30392	Kanzleigut Flottbek Baron-Voght-Straße / Jürgensallee	53.555054	9.861747
30393	Blankeneser Landstraße / Wilhelms Allee	53.565355	9.804959
30394	Wasserwerk Altona Kösterbergstraße / Falkensteiner Ufer	53.564263	9.785522
30395	Falkensteiner Hof In de Bargen 31-35	53.569368	9.775144
30396	Kreuzkirche Ottensen Behringstraße/ Hohenzollernring	53.553679	9.918272
30400	Köhlbrandtreppe	53.54497	9.946377
30401	Heidritterstraße / Lange Straße	53.546915	9.955656
30403	Mälzerei Naefeke De-Voß-Straße / Große Elbstraße	53.544812	9.949232
30404	Luftgausiedlung, Teil Osdorf (Arnimstraße)	53.562789	9.84915
30405	Heidbarghof Langelohstraße	53.571742	9.845862
30407	Luftgausiedlung, Teil Dockenhuden (Bockhorst/Tietzestraße)	53.566004	9.833441
30409	Goßlers Park	53.56575	9.809396
30410	Mühlenberg / Panzerstraße	53.555346	9.820784
30411	Baurs Park	53.556511	9.814889
30412	Blankeneser Kirche	53.561791	9.81286
30414	Siedlung Leverkusenstieg / Leverkusenstraße / Schützenstraße / Stresemannstraße		
30415	Siedlung Leverkusenstraße / Schützenstraße / Stresemannstraße	53.564371	9.92895
30416	Siedlung Bessemerweg / Leverkusenstieg / Leverkusenstraße / Stresemannstraße		
30417	Reichardtblock Bahrenfelder Chaussee / Bornkampsweg / Langbehnstraße / Reichardtstraße / Valparaisostraße	53.565492	9.91743
30421	Lornsenplatz 12, 13, 14	53.553976	9.941604
30422	Landhaus Sigmund Gildemeister Adalbertstraße 11-13	53.567233	9.836049
30428	Hirschpark / Elbchaussee 499a, 499b	53.556966	9.826365
30429	Elbschloßbrauerei Elbchaussee 368, 374, Christian-F.-Hansen-Straße 19	53.549557	9.853911
30430	Elbchaussee 336, 338	53.548022	9.861655
30431	Kirche Nienstedten	53.551199	9.843048
30432	Friedhof Nienstedten	53.553683	9.841381
30433	Wesselhoeftpark/ Landhaus Wesselhoeft		
30438	Quellental 42/ 44, 46	53.552608	9.856858
30439	Schule Quellental	53.552044	9.861434
30441	Leuchttürme Tinsdal und Wittenberge	53.565098	9.745819
30442	Johanneskirche	53.580736	9.761513
30443	Gartensiedlung Mechelnbusch	53.579283	9.754881
30444	Reemtsma-Park / Villa Reetmsma	53.551021	9.876684
30445	Jenischpark mit Jenisch-Haus Baron-Vogt-Straße / Holztwiete	53.55108	9.868854
30447	Bahrenfelder Chaussee / Bahrenfelder Kirchenweg / Gasstraße / Mendelssohnstraße / Woyrschweg	53.562973	9.910351
30449	Hasselmannstraße / Sieberlingstraße	53.551445	9.844515
30453	Denkmalanlage Ansorgestraße	53.551268	9.896916
30459	Otto-Ernst-Straße / Grottenstraße	53.557789	9.879809
30461	Elbtunnel zwischen Othmarschen und Waltershof	53.545561	9.913094
30462	Röperhof Agathe-Lasch-Weg 2, 6	53.553534	9.896114
30463	Marxsenweg 2, 4	53.556451	9.866085
30465	Marxsenweg 12, 15, 16, 17, 18	53.555355	9.86649
30466	Auferstehungskirche Lurup	53.592156	9.870756
30467	Kirche Zu den zwölf Aposteln Elbgaustraße	53.599657	9.887052
30471	Hof Timmermann-Dierks Sülldorfer Kirchenweg 209-213	53.581368	9.79538
30472	Hof Ellerbrock Sülldorfer Kirchenweg 268-274	53.586593	9.793775
30473	Hof Gerkens Sülldorfer Kirchenweg 258-264	53.585551	9.79469
30474	Elbchaussee / Auguste-Baur-Straße	53.559291	9.813348
30475	Hessepark/ Hessehaus	53.560738	9.80823
30476	Proviantamt Bahrenfeld Bahrenfelder Chaussee / Mendelssohnstraße	53.564531	9.91279
30477	Hermkes-Siedlung Karl-Jacob-Straße	53.556141	9.857203
30478	Städtisches Altenheim Bahrenfeld	53.572678	9.908539
30479	Kriegerdenkmäler Elbchaussee Ecke Gätgensstraße / Pepers Diek	53.560549	9.819729
30481	In de Bost 10, 10a, 10b	53.554952	9.830143
30482	Am Internationalen Seegerichtshof / Kanzleistraße	53.552685	9.850548
30483	Hasenhöhe / Willhöden	53.572681	9.816936
30486	Goßlers Park / Sülldorfer Kirchenweg	53.565324	9.810609
30492	Ole Hoop 9-11, 18-22	53.561212	9.815237
30495	Ottersbekallee / Am Weiher	53.578479	9.95684
30496	Schul- und Lehrgebäude Felix-Dahn-Straße / Hohe Weide	53.570775	9.966338
30503	Hamburg-Haus Eimsbüttel Doormannsweg	53.571852	9.956458
30504	Henriettenweg / Eppendorfer Weg / Tornquiststraße / Von der Tann-Straße / Weidenstieg	53.572264	9.958943
30505	Jerusalem-Krankenhaus und Kirche	53.56953	9.967311
30506	Christuskirche Fruchtallee	53.570001	9.961433
30508	Bahrenfelder Marktplatz / Wienbargstraße / Lyserstraße	53.564174	9.90102
30510	Helft-Stift Kielkamp	53.572393	9.900655
30512	Gaswerk Altona	53.561978	9.917595
30513	Siedlung Bahrenfelder Steindamm / Thomasstraße	53.560288	9.925955
30514	Bahrenfelder Chaussee / Mendelssohnstraße	53.563895	9.917503
30515	Altonaer Volkspark mit Hauptfriedhof Altona	53.582054	9.895572
30517	Jüdischer Friedhof Bahrenfeld Bornkampsweg	53.569411	9.91623
30518	Lutherkirche Bahrenfeld	53.570949	9.905065
30519	Alter Friedhof auf dem Neuen Mennonitenfriedhof Holstenkamp / Am Winsberg	53.571715	9.916034
30520	Bekleidungsamt Bahrenfeld Bahrenfelder Chaussee / Theodorstraße	53.569728	9.89946
30522	Bahrenfelder Chaussee / Bornkampsweg	53.564404	9.918723
30523	Bahrenfelder Chaussee / Reichardtstraße	53.564649	9.917052
30524	Bei der Flottbeker Kirche und Kriegerdenkmal Baron-Voght-Straße	53.566059	9.876813
30527	Dürerstraße / Cranachstraße	53.561938	9.886188
30528	Papenkamp / Neuding	53.560428	9.872315
30530	Beamtensiedlung Deutsche Werft Adickesstraße / Eckernwoort / Gutzkowstraße / Rosenhagenstraße / Wolfsloh	53.560235	9.89339
30532	Siedlung Vorbeckweg	53.572946	9.877024
30534	Villa Kettler Hölderlinstraße/Papenkamp	53.559761	9.868931
30537	Elbchaussee 165, 169	53.545734	9.909574
30538	Landsitz Hermann Weber Elbchaussee 177, 179, 179a	53.545579	9.907711
30539	Elbchaussee 304, 308-312, 316-318	53.548376	9.865806
30541	Siedlung Viereck	53.570141	9.87112
30545	Landsitz Weber-Volckens Elbchaussee 153, 157	53.545586	9.911395
30547	Am Weiher / Eichenstraße	53.576783	9.958143
30550	Armbruststraße / Grundstraße / Matthesonstraße / Methfesselstraße / Voigtstraße / Weckmannweg	53.576342	9.941839
30551	Gewerbeschule Bundesstraße / Beim Schlump (ehem. Heinrich-Hertz-Realgymnasium)	53.569216	9.975118
30552	Grindelhof / Dillstraße	53.568937	9.982892
30553	Terrassen Grindelhof 81-83	53.571317	9.983728
30555	Schule Bundesstraße 94	53.57251	9.968666
30556	Eimsbütteler Park	53.577743	9.959523
30557	Böttgerstraße / Mittelweg	53.568947	9.996091
30559	Alsterufer / Alte Rabenstraße	53.567278	10.000416
30560	Dillstraße / Rappstraße	53.570279	9.981863
30563	Hamburger Burg / Isestraße / Oderfelder Straße / Eppendorfer Baum / Klosterallee	53.581767	9.984847
30564	Weidenallee	53.567944	9.965436
30566	Agathenstraße / Schäferstraße / Weidenallee	53.567276	9.966125
30567	U-Bahnhof Schlump	53.56801	9.969903
30568	Bellealliancestraße / Fettstraße / Vereinsstraße / Margaretenstraße	53.567363	9.962213
30571	Eidelstedter Weg / Methfesselstraße / Lutterothstraße / Hellkamp	53.581913	9.948719
30572	Stephanuskirche, ehem.	53.58196	9.94543
30573	St.-Bonifatius-Kirche	53.577657	9.957676
30574	Kleiner Schäferkamp / Schäferstraße	53.567192	9.967472
30575	Vereinshospital am Schlump (DRK-Krankenhaus)	53.570147	9.977058
30581	Odenwaldstraße / Prätoriusweg / Telemannstraße	53.579901	9.952462
30582	Schäferkampsallee / Schäferstraße	53.568835	9.965994
30584	Schlankreye / Bundesstraße / Gustav-Falke-Straße / Heymannstraße	53.57182	9.971132
30585	Staatliche Handelsschule Schlankreye	53.572293	9.969832
30586	Lutterothstraße / Methfesselstraße / Stellinger Weg	53.580754	9.948308
30587	Hartwig-Hesse-Straße / Luruper Weg / Lutterothstraße / Methfesselstraße / Sartoriusstraße / Stellinger Weg	53.58093	9.942877
30588	Wohnstifte Kielortallee	53.572231	9.973392
30589	Tornquiststraße 19 b-c	53.572119	9.955566
30591	Weidenallee / Kleiner Schäferkamp	53.566194	9.966013
30593	Siegfried-Wedells-Platz 1, 2	53.559677	9.992172
30594	Siedlungsbau „Klinker"	53.576081	9.974873
30599	Mittelweg / Heimweg	53.568065	9.994713
30601	Mittelweg 38, 38a	53.569722	9.994681
30602	Dammtorpalais	53.564339	9.986843
30604	Passagen Rothenbaumchaussee / Schlüterstraße	53.571082	9.987226
30607	Alsterchaussee / Mittelweg	53.572726	9.99475
30608	Alsterglacis / Warburgstraße	53.559292	9.993459
30609	Alsterufer / Fontenay-Allee	53.563595	9.997047
30611	An der Verbindungsbahn / Bundesstraße / Bundesweg / Durchschnitt / Grindelallee / Grindelweg	53.564933	9.982085
30612	Hallerplatz / Hallerstraße	53.572245	9.986559
30614	Warburgstraße / Alsterufer	53.562803	9.99641
30619	Schule Telemannstraße	53.578278	9.952681
30620	Falkenried-Terrassen	53.582755	9.978099
30621	Tannen-Burg und Breitenfelder Burg	53.58669	9.975709
30624	Fahrzeugwerkstätten Falkenried	53.581617	9.976143
30625	Falkenried 59, 61	53.583426	9.973798
30629	Alsterkamp / Sophienterrasse	53.576775	9.99651
30630	Niendorfer Kirche	53.615884	9.950002
30632	Friedensmal Kriegerdankweg	53.631207	9.914976
30635	Reihenhausanlage Mittelweg 115-115 b	53.573515	9.994109
30639	Villa Schinckel	53.574868	9.990645
30644	Siedlung Georg-Thielen-Gasse / Groothoffgasse / Hauersweg / Saarlandstraße	53.587251	10.031516
30647	Siedlung Ohlsdorfer Straße / Winterhuder Marktplatz	53.595066	10.000915
30649	Siedlung Hermann-Behn-Weg / Rothenbaumchaussee	53.571904	9.987724
30650	Rothenbaumchaussee / Binderstraße	53.56758	9.987731
30652	Rothenbaumchaussee / Hartungstraße	53.570392	9.987587
30654	Rutschbahn / Heinrich-Barth-Straße	53.570712	9.979872
30655	Schlüterstraße / Moorweidenstraße	53.565048	9.987701
30656	Schröderstift	53.567273	9.972339
30657	Schröderstiftweg 4, 6	53.566707	9.973288
30658	Terrassenanlage Schlüterstraße / Rothenbaumchaussee	53.569002	9.987382
30659	Lindenhof-Terrasse Grindelhof	53.571828	9.983398
30661	Campus der Universität Hamburg	53.566255	9.983975
30662	Alsterterrasse / Warburgstraße	53.560288	9.995097
30664	Innocentiapark	53.578769	9.983295
30666	Park Eicheneck Niendorfer Gehege 32, 34	53.616876	9.937707
30667	Furtweg 15, 17	53.602547	9.904431
30669	Kriegerdenkmale auf dem Friedhof Eidelstedter Dorfstraße	53.608436	9.911363
30670	Eppendorfer Baum / Klosterstern / Hochallee / Jungfrauenthal	53.582129	9.986604
30671	Schule Bogenstraße / Schlankreye	53.574362	9.97434
30673	Hagedornstraße / Harvestehuder Weg	53.579254	9.992373
30675	Heilwigstraße / Abteistraße	53.582006	9.993769
30680	U-Bahnhof Klosterstern	53.581556	9.988203
30682	St.-Elisabeth-Kirche	53.577954	9.985566
30683	St. Andreaskirche Bogenstraße	53.573276	9.975539
30688	Grindelhochhäuser	53.575031	9.979737
30691	Gneisenaustraße / Bismarckstraße	53.577815	9.96891
30693	Roonstraße / Eppendorfer Weg	53.579233	9.969934
30694	Passagen Christian-Förster Straße / Heckscherstraße	53.582376	9.96377
30696	Feuerwache und Betriebswerke Lokstedt	53.59931	9.961324
30697	Christ-König-Kirche	53.597552	9.960263
30698	Kriegerdenkmalanlage Bei der Lutherbuche / Grandweg	53.597435	9.959207
30699	Siemersplatz / Vogt-Wells-Straße	53.599335	9.963219
30700	Amsinckpark und Villa	53.601617	9.943056
30701	Wohnanlage Heimat	53.599954	9.945277
30702	Tierpark Hagenbeck	53.596843	9.938121
30704	Stellinger Kirche	53.590694	9.925473
30711	Heimannstift Löwenstraße / Martinistraße	53.587092	9.972459
30712	Goernestraße / Gustav-Leo-Straße		
30713	Goernestraße / Loogeplatz	53.588714	9.992277
30714	Siedlung Eppendorfer Landstraße / Gustav-Leo-Straße		
30716	Umgebung Meenkbrücke	53.59973	9.991363
30717	Bebelallee / Eppendorfer Landstraße / Winterhuder Kai	53.596057	9.992096
30718	Beim Andreasbrunnen / Haynstraße / Hegestraße / Loogestieg	53.586262	9.985921
30719	Eppendorfer Landstraße / Haynstraße	53.586754	9.982767
30720	Siedlung Breitenfelder Straße / Haynstraße / Husumer Straße / Sudeckstraße	53.588126	9.980391
30721	Siedlung Haynstraße / Lenhartzstraße / Robert-Koch-Stieg / Robert-Koch-Straße	53.58812	9.982151
30722	Siedlung Breitenfelder Straße / Haynstraße / Lenhartzstraße / Robert-Koch-Stieg	53.588963	9.981647
30723	Eppendorfer Baum 38, 40a, 40b, 40c, Hegestieg 8	53.584857	9.982856
30724	Eppendorfer Baum / Hegestraße / Hegestieg	53.584188	9.984162
30725	U-Bahnbrücken Hegestraße / Loogestieg mit dazwischenliegender erhöhter Gleisanlage	53.585802	9.987439
30727	Warburg-Haus	53.587574	9.996255
30728	Siedlung Faaßweg / Heilwigstraße /; Kellinghusenstraße / Kunhardtstraße	53.591376	9.993469
30730	Kloster St. Johannis Heilwigstraße	53.591062	9.995982
30731	Siedlung Breitenfelder Straße / Husumer Straße / Sudeckstraße	53.587728	9.97949
30732	U-Bahnhof Kellinghusenstraße	53.588789	9.990784
30733	Siedlung Alsterkrugchaussee 387-421	53.620047	10.009079
30736	Siedlung Breitenfelder Straße / Curschmannstraße	53.587283	9.977906
30737	Eppendorferbaum-Palais Curschmannstraße / Lenhartzstraße	53.585768	9.981308
30740	Eppendorfer Landstraße / Eppendorfer Marktplatz	53.593733	9.988627
30741	Eppendorfer Park	53.589405	9.979214
30743	Stiftsgebäude Frickestraße / Martinistraße / Schedestraße	53.592814	9.981091
30744	Alster Ostuferbefestigung und Brücken	53.587265	9.995738
30745	Kellinghusenstraße / Schrammsweg	53.591132	9.991472
30750	St. Johanniskirche in Eppendorf	53.592517	9.99378
30751	Universitätskrankenhaus Eppendorf, Erika-Haus	53.590029	9.971398
30752	Universitätskrankenhaus Eppendorf	53.591198	9.976618
30753	Julius und Betty Ree Stift Schedestraße	53.593917	9.981307
30758	Jenisch-Stift Tarpenbekstraße	53.597398	9.982879
30759	Mütter- und Säuglingsheim / Kinderheim Brödermannsweg	53.606123	9.975481
30761	Kirche St. Peter Groß Borstel Borsteler Chaussee / Schrödersweg	53.607454	9.976827
30764	Rentnerheim Fiefstücken	53.599973	10.003728
30766	Matthäuskirche Gottschedstraße	53.588965	10.01037
30773	St.-Gertrud-Kirche	53.566711	10.028221
30776	Eilbekkanal Wartenaubrücke / Richardstraßenbrücke	53.568172	10.034613
30777	Erlenkamp 22, 22a / Uhlenhorster Weg 30	53.568527	10.020442
30778	Erlenkamp 29, 31 / Uhlenhorster Weg 26, 28	53.56851	10.019522
30780	Hartwicusstraße / Papenhuder Straße	53.566257	10.018972
30781	Siedlung Hebbelstraßen / Schenkendorfstraße / Winterhuder Weg	53.576619	10.018861
30783	Hofweg 49, 51, 53	53.572352	10.014998
30784	Immenhof / Lerchenfeld	53.567604	10.029826
30785	Hohenfelder Bucht / Barcastraße 13	53.563701	10.016344
30789	Siedlung Fuhlsbüttler Straße / Habichtsplatz Habichtsweg /  Heidhörn / Schwalbenplatz	53.594837	10.044699
30790	Siedlung Habichtstraße / Heidhörn / Lißmannseck / Rosamstwiete	53.594426	10.048675
30791	Siedlung Alsterdorfer Straße / Wilhelm-Metzger-Straße / Wolffsonweg	53.605775	10.000693
30793	Martin-Luther-Kirche	53.609349	10.01064
30794	Siedlung Alsterdorfer Straße / Bodelschwinghstraße	53.615824	10.024784
30795	Deelbögebrücke o.Nr.|Hindenburgbrücke o.Nr.|Rathenaubrücke o.Nr.	53.607123	10.00123
30796	Alsterkrugchaussee / Kugelfang / Wilhelm-Metzger-Straße	53.607481	9.993588
30798	Mühlenkamp 29, 31	53.58121	10.011216
30799	City Nord	53.604854	10.022482
30802	Paul-Gerhardt-Kirche Winterhude	53.600299	10.00567
30803	Hindenburgkaserne Bruno-Georges-Platz / Hindenburgstraße / Carl-Cohn-Straße	53.60312	10.011095
30804	Parkheim der Detaillistenkammer	53.598803	10.004156
30805	Siedlung Bussestraße / Ohlsdorfer Straße	53.597814	10.003465
30806	Barmbeker Stichkanal	53.594306	10.032875
30810	Bahnhof Uhlandstraße	53.566892	10.026473
30811	Milde-Stift	53.597862	10.044207
30812	Adolf-von-Elm-Hof	53.597218	10.043493
30813	AK Barmbek Alfred-Johann-Levy-Straße/ Andreas-Knack-Ring/ Fuhlsbüttler Straße/ Harkensee/ Hartzloh/ Rübenkamp/ Wilhelm-Drexelius-Weg	53.603338	10.037811
30814	Siedlung Elligersweg / Funhofweg / Hartzlohplatz / Lorichsstraße / Meister-Francke-Straße	53.603109	10.044015
30815	Siedlung Elligersweg / Matthias-Scheits-Weg / Rungestraße / Schmachthäger Straße	53.603317	10.046661
30816	Siedlung Manstadtsweg / Meister-Bertram-Straße / Meister-Francke-Straße / Prechtsweg	53.606519	10.042729
30817	Siedlung Elligersweg / Fuhlsbüttler Straße	53.604859	10.040614
30818	Siedlung Elligersweg / Meister-Francke-Straße / Münstermannsweg	53.604388	10.043586
30819	Schule Schaudinnsweg	53.59844	10.037155
30820	Siedlung Adlerstraße / Dohlenweg / Lämmersieth / Wachtelstraße	53.586028	10.057366
30821	Auferstehungskirche Barmbek	53.592031	10.052
30822	Siedlung Harzensweg  / Hellbrookstraße / Schwalbenstraße	53.591771	10.0477
30823	Siedlung Harzensweg  / Peiffersweg / Schwalbenstraße / Suhrsweg	53.592666	10.047594
30824	Siedlung Heidhörn / Lißmannseck /  Rosamstwiete / Schwalbenplatz	53.594217	10.047264
30825	Alsterdorfer Anstalten	53.613053	10.024151
30826	Alsterdorfer Damm 12, 14	53.610802	10.0033
30827	Alsterdorfer Damm / Brabandstraße	53.611751	10.001046
30828	Siedlung Alsterkrugchaussee 418-442	53.621509	10.011056
30829	Bebelallee / Wolffsonweg	53.608437	10.00192
30832	Heilholtkamp 6-8, 14-16	53.609997	10.013215
30833	Siedlung Sengelmannstraße	53.621936	10.011827
30835	U-Bahnlinie U3, Saarlandstraße / Borgweg	53.589931	10.014953
30837	Siedlung Alsterdorfer Straße / Lattenkamp	53.597784	9.996474
30839	Siedlung Barmbeker Straße / Maria-Louisen-Straße	53.59097	10.007452
30840	Baumkamp 60, 62, 63	53.59909	10.001395
30841	Senator-Erich-Soltow-Stift	53.600819	10.001206
30843	Siedlung Großheidestraße / Jarrestraße	53.584734	10.027205
30852	Siedlung Dorotheenstraße / Maria-Louisen-Straße	53.588392	10.00345
30854	Forsmannstraße / Gertigstraße	53.582573	10.015764
30861	Fabrikanlage Maihak AG Geibelstraße / Semperstraße	53.585137	10.015916
30866	Kampnagelfabrik Jarrestraße (ehem. Nagel & Kaemp)	53.583435	10.022082
30867	Siedlung Lattenkamp 3-9 / Lattenkampstieg 1-3	53.597141	9.995704
30868	Siedlung Lattenkamp 13-29 / Lattenkampstieg 2-4	53.598311	9.995427
30869	Leinpfad / Maria-Louisen-Straße	53.58425	9.99633
30871	Johanneum Maria-Louisen-Straße	53.589885	10.006329
30872	Schule Meerweinstraße	53.587232	10.027101
30880	Mundsburger Kanal und Brücken	53.565651	10.020777
30881	Hochschule für bildende Künste Lerchenfeld	53.56748	10.031588
30883	Fritz-Neubers-Weg / Vollmersweg / Hardorffsweg / Hellbrookstraße	53.591902	10.041306
30884	Fritz-Neubers-Weg / Hardorffsweg / Hellbrookstraße	53.591768	10.040275
30885	Laubenganghaus Heidhörn	53.5934	10.045546
30886	Grögersweg / Rübenkamp / Wasmannstraße	53.596334	10.037974
30887	Siedlung Habichtstraße / Lißmannseck / Schwalbenplatz	53.595188	10.047351
30890	Stormsweg 2, 4	53.574598	10.019574
30891	Marienkrankenhaus (Ostteil) Alfredstraße / Angerstraße	53.559452	10.032239
30894	Ackermannstraße / Barcastraße	53.562354	10.017825
30895	Lessingstraße / Uhlandstraße	53.565039	10.030911
30896	Daniel-Bartels-Hof	53.582988	10.048083
30897	Barmbeker Markt / Hamburger Straße	53.579323	10.0405
30898	Bartholomäusstraße / Beim Alten Schützenhof	53.575578	10.029651
30899	Bugenhagenkirche Biedermannplatz	53.58155	10.031845
30900	Siedlung Brucknerstraße / Osterbekstraße / Sentastraße	53.584043	10.036958
30901	Brucknerstraße / Lohkoppelstraße / Ortrudstraße / Schleidenstraße	53.582899	10.034594
30902	Eilbekkanal Von-Essen-Straße / Maxstraße	53.572324	10.045599
30903	St.-Sophien-Kirche und St.-Johannis-Kloster	53.579756	10.034966
30904	Siedlung Flotowstraße / Imstedt / Stradellakehre / Weidestraße	53.579997	10.026911
30907	Humboldtstraße / Schumannstraße	53.579162	10.020136
30909	Wohnanlage Heinrich-Groß-Hof Kraepelinweg / Pinelsweg / Reyesweg	53.5808	10.054292
30910	Siedlung Mozartstraße / Winterhuder Weg	53.576901	10.019762
30912	Schule für Ernährung u. Hauswirtschaft sowie Gewerbeschule für Mädchen	53.570753	10.038195
30913	Kreuzkirche Wohldorfer Straße	53.576886	10.042531
30914	Bahnhof Friedrichsberg mit Bahnbrücke über die Straße Eilbektal	53.576876	10.057518
30915	Siedlung Alter Teichweg / Dulsberg-Nord / Elsässer Straße / Hohensteiner Straße / Memeler Straße / Olivaer Straße / Weichselmünder Straße / Zoppoter Straße	53.584174	10.065261
30916	Schule Alter Teichweg	53.587341	10.069494
30918	Siedlung Bredstedter Straße / Straßburger Straße	53.580281	10.059378
30919	Siedlung Bredstedter Straße / Dithmarscher Straße / Elsässer Straße / Schwansenstraße / Straßburger Straße	53.580686	10.061986
30920	Dithmarscher Straße / Krausestraße	53.577361	10.059212
30921	Dulsberg-Siedlung	53.582408	10.061403
30922	Siedlung Am Hasenberge	53.623871	10.021643
30923	Frank'sche Siedlung Stübeheide / Wellingsbütteler Landstraße	53.633987	10.053052
30924	Siedlung Alsterkrugchaussee / Zeppelinstraße	53.625361	10.011492
30928	Nußkamp 24, 26	53.634862	10.027982
30929	Olendörp / Soltstücken	53.625157	10.018348
30930	Wacholderweg 7-19, 4-40	53.630854	10.024719
30931	Dietrich-Bonhöffer-Kirche Dulsberg Dulsberg-Süd / Eulenkamp	53.585664	10.07308
30932	Franksche Laubenganghäuser Elsässer Straße / Mühlhäuser Straße / Oberschlesische Straße / Schlettstadter Straße	53.58323	10.064011
30933	Naumannplatz-Siedlung	53.584119	10.06801
30934	Siedlung Forbacher Straße / Lothringer Straße / Metzer Straße / Straßburger Straße / Vogesenstraße / Weißenburger Straße	53.581278	10.059446
30935	Gymnasium Krausestraße	53.580677	10.057585
30936	Frohbotschaftskirche und Gemeindehaus Dulsberg	53.581301	10.061623
30937	Volksschule am Tieloh	53.592815	10.052111
30938	Siedlung Burmesterstraße /  Stockhausenstraße / Wiesendamm /  Witthof	53.586837	10.037844
30941	Schule Rübenkamp	53.593389	10.039056
30942	Schule Lämmersieth	53.587724	10.060327
30944	Bahnhof Saarlandstraße	53.58907	10.031743
30945	Bahnbrücken Hufnerstraße / Fuhlsbüttler Straße / Bahnhof Barmbek	53.587404	10.04396
30947	Siedlung Hufnerstraße / Hufnertwiete / Roggenkamp	53.586213	10.042285
30948	New-York Hamburger Gummi-Waaren Compagnie, ehem. (Museum der Arbeit)	53.585402	10.045117
30949	Siedlung Poppenhusenstraße / Roggenkamp	53.586373	10.043351
30950	U-Viadukt Hufnerstraße / Hellbrookstraße	53.589723	10.039386
30952	Siedlung Eckmannsweg / Herbstsweg / Habichtsplatz / Habichtstraße / Wittenkamp	53.595856	10.048084
30953	Siedlung Dennerstraße / Fuhlsbüttler Straße / Habichtsplatz / Mildestieg	53.59643	10.044359
30954	Siedlung Otto-Speckter-Straße	53.598184	10.046027
30955	Jüdischer Friedhof an der Ilandkoppel	53.613741	10.039172
30956	Maienweg-Siedlung	53.623908	10.027221
30957	Im Grünen Grunde-Siedlung	53.623317	10.030507
30958	Wellingsbütteler Landstraße 57-59, 63g-h	53.628513	10.033773
30961	JVA Fuhlsbüttel Am Hasenberge / Suhrenkamp / Nesselstraße	53.621326	10.020269
30962	Betriebsbahnhof der U-Bahn in Barmbek	53.589736	10.036742
30963	Gartenstadt Berne	53.62975	10.131231
30964	Gartenstadt Farmsen	53.611123	10.10995
30965	Am-Lustberg-Siedlung	53.625328	10.013736
30966	Bergkoppelweg / Kleekamp	53.63242	10.025259
30967	Betriebsbahnhof der S-Bahn in Ohlsdorf	53.616389	10.03134
30968	St.-Lukas-Kirche Erdkampsweg	53.634015	10.019053
30971	Kirche St. Marien zu Fuhlsbüttel Am Hasenberge / Maienweg	53.62216	10.026711
30972	Röntgenröhrenfabrik C.H. F. Müller	53.622326	10.015178
30973	Rübenkamp 326, 326a	53.614768	10.033209
30974	Hasenbergbrücke Fuhlsbüttel	53.622603	10.028372
30975	Albert-Schweitzer-Gymnasium Struckholt	53.628208	10.031357
30976	Siedlung Preetzer Straße	53.633115	10.011291
30977	AK Ochsenzoll Langenhorner Chaussee 560	53.672094	10.007862
30978	Kinderheim Hohe Liedt	53.669	10.032403
30979	Kreuzfurth-Siedlung	53.65311	10.011022
30980	SS-Kaserne Langenhorn / AK Heidberg Tangstedter Landstraße	53.675021	10.03049
30982	Fritz-Schumacher-Siedlung Fuhlsbüttel	53.661876	10.023691
30983	Fabrikanlage Deutsche Messapparatebau GmbH Essener Straße / Tarpen	53.666157	9.993811
30984	St.-Jürgen-Kirche Ochsenzoll	53.679496	10.016349
30986	Schwarzwald-Siedlung	53.670454	9.991279
30987	Ansgarkirche Langenhorn	53.65245	10.008426
30988	Heilandskirche, Winterhuder Weg	53.57825	10.016917
30990	Heeresverpflegungs-Hauptamt Rahlau	53.580797	10.116239
30991	Hohnerkamp-Siedlung	53.626089	10.092226
30992	Versöhnungskirche Eilbektal	53.572625	10.047779
30993	H. C. E. Eggers & Co. Papenstraße	53.564826	10.048832
30996	Amtsgericht Wandsbek	53.572652	10.075458
30997	Ölmühle Wandsbek	53.582641	10.100504
30998	Friedrich-Ebert-Damm-Siedlung	53.583034	10.075873
30999	Pflegeheim Farmsen / Beamtenhäuser August-Krogmann-Straße	53.614009	10.116233
31000	Siedlung Friedrich-Ebert-Hof Wandsbek	53.57949	10.065986
31002	St.-Joseph-Kirche	53.573261	10.074227
31003	Bundeswehrkrankenhaus Wandsbek	53.594354	10.077405
31007	Husarenkaserne Marienthal Am Husarendenkmal / Husarenhof / Rennbahnstraße	53.563529	10.076526
31008	Siedlung Kielmannseggstraße / Rauchstraße	53.571947	10.092889
31009	Denkmalanlage am Husarendenkmal	53.564389	10.073978
31010	Rundpfeiler Hammer Straße	53.564123	10.066171
31011	Lettow-Vorbeck-Kaserne Hermine-Albers-Straße/ Wilsonstraße	53.582638	10.131393
31014	Umgebung St. Petri- und Pauli-Kirche	53.488807	10.209902
31015	Am Pool / Bergedorfer Straße / Vierlandenstraße	53.48762	10.210827
31017	August-Bebel-Straße / Gojenbergsweg / Ida-Boy-Ed-Straße / Hoffmann-von-Fallersleben-Straße	53.482951	10.230081
31018	Gojenbergsweg / Justus-Brinckmann-Straße	53.481238	10.23089
31019	Hansaschule Bergedorf Wentorfer Straße / Bult / Chrysanderstraße	53.487391	10.216983
31021	Kriegerdenkmal 1870/ 71 und für die Erhebung Schleswig-Holsteins an der Ecke Lohe/Tangstedter Weg		
31023	Siedlung Rittmeisterkoppel	53.666904	10.172183
31025	Ortskern Altengamme	53.428648	10.269522
31026	Altengammer Elbdeich 70, 76	53.428991	10.287227
31027	Krankenhausanlage Gojenbergsweg/Justus-Brinckmann-Straße mit Jüdischem Friedhof Bergedorf	53.481809	10.228678
31028	Sichter / Gräpelweg	53.488426	10.218042
31029	Ottensener Elbparks	53.546365	9.92076
31030	Alte Holstenstraße / Reetwerder	53.490344	10.20896
31031	Bergedorfer Schloßstraße / Sachsentor / Kaiser-Wilhelm-Platz	53.488655	10.212351
31032	Gaswerk Kurt-A.-Körber-Chaussee	53.487678	10.198115
31038	Ringdeich Moorwerder	53.471964	10.050442
31040	St.-Bonifatius-Kirche	53.504337	9.986196
31041	Äußerer Schmidtkanal / Schmidtkanal-Schleuse	53.496883	9.985096
31042	Siedlung Veringstraße	53.512405	9.98675
31044	Kirche St. Maria Magdalena Moorburg Nehusweg	53.48875	9.940108
31045	Moorburger Burgweg 13, 16	53.488046	9.937698
31048	Schanzengrund 1, 1a	53.464683	9.890378
31049	Gut Berne Berner Allee / Berner Herrweg / Berner Gutsweg	53.626565	10.134032
31055	Siedlung Holtenklinker Straße	53.479658	10.232076
31057	Justus-Brinckmann-Straße / August-Bebel-Straße / Heysestraße / Gojenbergsweg	53.482376	10.232523
31062	Bergedorfer Rathaus	53.486422	10.22067
31065	Sachsentor 32-38, 42	53.487349	10.213611
31067	Thomas-Kirche	53.596959	10.069194
31069	Martin-Luther-King-Kirche Steilshoop Gründgensstraße / Cesar-Klein-Ring	53.609951	10.059467
31070	Lutherkirche Up de Worth	53.640541	10.074521
31071	Up de Worth 24, 26	53.639632	10.074378
31072	Gut Wellingsbüttel Wellingsbütteler Weg	53.643259	10.073013
31074	Schule Rolfinckstraße	53.640777	10.081118
31076	Denkmalanlage Friedrich-Kirsten-Straße	53.64291	10.07768
31077	Handwerkerstelle Siedlung Saselhof Berner Weg	53.652662	10.114954
31080	Kritenbarg 58, 58a	53.651054	10.082407
31081	Christophoruskirche Poppenbüttler Stieg	53.644033	10.052283
31082	Josthöhe-Siedlung	53.637283	10.045019
31083	Dorfkern Lemsahl Lemsahler Dorfstraße	53.684986	10.103436
31084	Norwegerhaus-Siedlung Ohlstedter Stieg	53.688008	10.144658
31085	Norwegerhaus-Siedlung Sthamerstraße	53.692696	10.141659
31086	Ortskern Bergstedt	53.670358	10.124589
31087	Alte Mühle Bergstedt	53.669049	10.110014
31089	Kirche am Rockenhof in Volksdorf	53.650989	10.16459
31090	U-Bahnhof Volksdorf	53.650414	10.163066
31091	Farmsener Landstraße / Halenreie	53.650726	10.162113
31092	U-Bahnhof Buckhorn	53.664371	10.155797
31093	Villa Ohlendorff / Ohlendorffs Park Im Alten Dorfe	53.647912	10.16656
31095	Kirche St. Johannis in Curslack	53.449028	10.228015
31096	Curslacker Deich 302, 306	53.462569	10.213579
31098	Museumsdorf Volksdorf und Volksdorfer Schulkate	53.649911	10.168703
31099	Hofanlage Mahrscher Hof Lerchenberg / Ahrensburger Weg	53.652759	10.169445
31100	Eulenkrugpfad 2, 4	53.648925	10.169014
31101	Walddörfer-Schule	53.65183	10.17346
31102	Huusbarg 4, 8-12, 9-15	53.643998	10.168993
31103	Siedlung Immenschuur	53.642633	10.17469
31104	Am Pulverhof	53.595906	10.135927
31105	Alt-Rahlstedter Kirche	53.597104	10.151586
31106	Trinitatis-Kirche Halenseering	53.587484	10.148074
31108	Rahlstedter Dorfplatz / Stapelfelder Straße	53.603888	10.171197
31109	Hofanlage Rahlstedter Dorfplatz 10, 12	53.603932	10.172348
31111	Hofanlage Schierhorn Saseler Straße / Wildgangsstraße	53.622401	10.163977
31112	Dreieinigkeitskirche Allermöhe Allermöher Deich	53.482734	10.128359
31113	St.-Marien-Kirche	53.488191	10.216731
31114	Siedlung Heimfelder Straße / Woellmerstraße	53.465274	9.96068
31115	Bansenstraße / Heimfelder Straße / Meyerstraße	53.464346	9.961325
31120	Horster Damm 345, 349	53.465066	10.259657
31121	Konzentrationslager Neuengamme Jean-Dolidier-Weg	53.42959	10.231338
31123	Kirche St. Johannis und Umgebung	53.444968	10.221404
31125	Kirche St. Severin Kirchwerder	53.417699	10.19723
31126	Norderquerweg 124, 126	53.427089	10.198805
31127	Kirche St. Pankratius in Ochsenwerder Alter Kirchdeich mit Umgebung	53.47553	10.085109
31128	Kriegerdenkmal Vorderdeich / Sietwende	53.467837	10.148527
31129	Kirche St. Nikolai Billwerder Billdeich	53.513679	10.126878
31131	Kirche St. Nikolai in Moorfleet	53.51165	10.082424
31132	Lohbrügger Landstraße / Sander Damm	53.494554	10.205788
31133	Erlöserkirche Lohbrügge	53.497946	10.200229
31140	Auferstehungskirche Harburg	53.508463	10.208847
31144	Pfingstberg 5, 7	53.490439	10.228173
31146	Von-Anckeln-Straße 12, 15, 17	53.49439	10.22385
31153	Holtenklinker Straße / August-Bebel-Straße	53.485263	10.218363
31155	Holtenklinker Straße / Unterm Heilbrunnen	53.48205	10.223039
31157	Am Baum 27, 29	53.488715	10.221879
31158	Am Baum 32, 34	53.488328	10.222389
31162	Siedlung Kroosweg	53.457587	9.975378
31164	Hoffmeyerstraße / Lassallestraße	53.454081	9.986833
31165	Schwarzenbergpark	53.465251	9.971381
31166	Schochtstraße 30-50	53.461851	9.974878
31167	Sand / Schloßmühlendamm	53.461349	9.981553
31168	Kaserne am Schwarzenberg	53.463189	9.96988
31169	Siedlung Hastedtstraße / Hirschfeldstraße / Mergellstraße	53.456263	9.971593
31171	Karnapp 5, 7-9, 13-17	53.463622	9.983978
31172	Siedlung Barlachstraße / Hirschfeldstraße / Mergellstraße	53.456868	9.970807
31173	Harburger Binnenhafen	53.467257	9.985562
31174	Harburger Rathausplatz / Julius-Ludowieg-Straße	53.459424	9.979135
31175	Bahnhof Harburg Schellerdamm	53.463205	9.986322
31176	Fabrikanlage Vereinigten Gummiwaren-Fabriken Harburg (Phoenix AG) Hannoversche Straße / Wilstorfer Straße	53.453935	9.989515
31177	Alter Friedhof Harburg	53.455722	9.980188
31179	Sichter 1, 4-6	53.488538	10.217424
31180	Baererstraße / Eddelbüttelstraße	53.453531	9.984723
31183	Amtsgericht und Hauptzollamt Harburg	53.46462	9.976835
31186	Siedlung Am Centrumshaus / Julius-Ludowieg-Straße	53.460328	9.978322
31188	Helmsweg 35, 37	53.464611	9.974359
31189	Compeweg 1a, 3, 4, 6	53.461662	9.972365
31192	St. Johannis-Kirche Bremer Straße	53.45771	9.980919
31194	Bahnausbesserungswerk Harburg Schlachthofstraße / Großmoordamm	53.459727	9.993452
31195	St.-Franz-Joseph-Kirche in Harburg	53.449822	9.988087
31197	Siedlung Nöldekestraße / Winsener Straße	53.450448	9.988003
31200	Radickestraße / Kanzlerstraße	53.440021	10.00437
31201	Kirche Sinstorfer Kirchweg	53.423462	9.973204
31202	Spritzenhaus und Kriegerdenkmal Sinstorfer Kirchweg	53.424066	9.977488
31203	Gut Hastedt Winsener Straße	53.423043	9.978511
31204	Dorfkern Marmstorf Handweg / Feuerteichweg	53.4369	9.96395
31205	Lutherkirche Eißendorf	53.454898	9.959569
31206	Siedlung Bandelstraße / Bremer Straße	53.450711	9.968122
31208	Siedlung Adolf-von-Elm-Hof / Mehringweg	53.457626	9.958921
31209	Siedlung Nobléestraße 13-15	53.466942	9.963158
31210	Munitionsbunker Kuhtrift	53.463464	9.924538
31214	Alter Postweg 55, 58	53.466339	9.961197
31218	Friedrich-Ebert-Gymnasium Alter Postweg	53.46564	9.965564
31219	Deichanlage Auf der Höhe / Schönenfelder Straße	53.503091	10.017091
31220	Siedlung Bauvereinsweg 4-10	53.516623	9.985413
31222	Siedlung Fährstraße / Georg-Wilhelm-Straße / Mannesallee / Zeidlerstraße	53.514685	9.99402
31223	Siedlung Fährhausstraße / Georg-Wilhelm-Straße / Rothenhäuser Damm	53.514764	9.992434
31226	Georg-Wilhelm-Straße / Vogelhüttendeich	53.516375	9.993504
31227	Siedlung Georg-Wilhelm-Straße / Rotenhäuser Damm	53.51277	9.992146
31228	Wasserturm Wilhelmsburg	53.499347	9.990406
31229	Plangesche Mühle	53.493714	9.983909
31230	Fabrikanlage H. Schlinck & Cie Jaffestraße (Palmin-Werke)	53.507628	10.001198
31231	Dorfkern Kirchdorf Kirchdorfer Straße	53.486753	10.016014
31232	Siedlung Mannesallee / Sanitasstraße	53.514388	9.986455
31235	Stillhorner Weg 50, 56	53.480439	10.026714
31237	Grundwasserwerk Neuwiedenthal	53.478462	9.896686
31240	St. Michaelis-Kirche Neugraben	53.471465	9.855833
31243	Ringdeich Rosengarten Neuenfelde / Deich der III. Meile des Altes Landes (Deichabschnitte) sowie ehemalige Mühle Hasselwerder Straße 40	53.515945	9.83288
31245	Zwangsarbeiterbaracken Wilhelm-Raabe-Weg	53.629601	10.009955
31246	Siedlung Bramfeld-Kirche	53.606921	10.073648
31250	Roßkanalbrücken; mittlere und östliche Brücke über den Roßkanal	53.521651	9.947949
31252	Elbtreppe 13/ 13a, 15a/ 15b	53.544682	9.921477
31253	Hafenbahn Altona	53.548602	9.933853
31256	Hofweg 6, 7, 8	53.569441	10.017908
38875	Statthalterplatz 2	53.558623	9.886274
38877	Statthalterplatz 2	53.55861	9.886281
38898	Friedhof Holstenkamp	53.570177	9.912499
38900	Hof Sülldorfer Kirchenweg 198	53.579856	9.797455
38906	Haubachstraße o.Nr.	53.559011	9.941772
38907	Korachstraße o.Nr.	53.50769	10.199543
38908	Elbchaussee o.Nr.	53.546383	9.918421
38918	Alfred-Johann-Levy-Straße 1|Alfred-Johann-Levy-Straße 10|Alfred-Johann-Levy-Straße 12|Alfred-Johann-Levy-Straße 3|Alfred-Johann-Levy-Straße 5|Alfred-Johann-Levy-Straße 8|Andreas-Knack-Ring 10|Andreas-Knack-Ring 10a|Andreas-Knack-Ring 10b|Andreas-Knack-Ring 12|Andreas-Knack-Ring 12a|Andreas-Knack-Ring 12b|Andreas-Knack-Ring 14|Andreas-Knack-Ring 14a|Andreas-Knack-Ring 14b|Andreas-Knack-Ring 18|Andreas-Knack-Ring 18a|Andreas-Knack-Ring 18b|Andreas-Knack-Ring 18c|Andreas-Knack-Ring 18d|Andreas-Knack-Ring 20|Andreas-Knack-Ring 20a|Andreas-Knack-Ring 20b|Andreas-Knack-Ring 20c|Andreas-Knack-Ring 20d|Andreas-Knack-Ring 22|Andreas-Knack-Ring 22a|Andreas-Knack-Ring 22b|Andreas-Knack-Ring 22c|Andreas-Knack-Ring 22d|Andreas-Knack-Ring 24|Andreas-Knack-Ring 24a|Andreas-Knack-Ring 24b|Andreas-Knack-Ring 24c|Andreas-Knack-Ring 24d|Andreas-Knack-Ring 2a|Andreas-Knack-Ring 3|Andreas-Knack-Ring 3a|Andreas-Knack-Ring 3b|Andreas-Knack-Ring 3c|Andreas-Knack-Ring 3d|Andreas-Knack-Ring 3e|Andreas-Knack-Ring 3f|Fuhlsbüttler Straße 391|Fuhlsbüttler Straße 393|Fuhlsbüttler Straße 395|Harkensee 1a|Harkensee 1b|Harkensee 1c|Harkensee 1d|Harkensee 1e|Harkensee 1f|Wilhelm-Drexelius-Weg  o.Nr., östlich von Nr. 6|Wilhelm-Drexelius-Weg 1a|Wilhelm-Drexelius-Weg 1b|Wilhelm-Drexelius-Weg 1c|Wilhelm-Drexelius-Weg 1d|Wilhelm-Drexelius-Weg 1e|Wilhelm-Drexelius-Weg 1f|Wilhelm-Drexelius-Weg 2|Wilhelm-Drexelius-Weg 3|Wilhelm-Drexelius-Weg 3a|Wilhelm-Drexelius-Weg 3b|Wilhelm-Drexelius-Weg 3c|Wilhelm-Drexelius-Weg 3d|Wilhelm-Drexelius-Weg 3e|Wilhelm-Drexelius-Weg 3f|Wilhelm-Drexelius-Weg 4|Wilhelm-Drexelius-Weg 5|Wilhelm-Drexelius-Weg 5a|Wilhelm-Drexelius-Weg 5b|Wilhelm-Drexelius-Weg 5c|Wilhelm-Drexelius-Weg 5d|Wilhelm-Drexelius-Weg 5e|Wilhelm-Drexelius-Weg 5f|Wilhelm-Drexelius-Weg 6|Wilhelm-Drexelius-Weg 7|Wilhelm-Drexelius-Weg o.Nr.	53.602915	10.037836
38920	Fuhlsbüttler Straße  o.Nr., westlich von Nr. 407	53.603777	10.039633
38929	Brucknerstraße o.Nr.	53.583792	10.032662
38931	Annenhof Saselbergweg	53.661999	10.094503
38932	Rosengarten o.Nr.	53.522104	9.809538
38948	Bleichenbrücke mit Kandelabern	53.551532	9.988627
38949	Schweineschlachthof Lagerstraße	53.561912	9.971383
38984	Bergedorfer Schloßstraße  o.Nr.	53.4896	10.213199
38985	Heilwigstraße  o.Nr.	53.591868	9.994377
38986	Seelemannpark	53.591868	9.994377
38987	Bergedorfer Schloßstraße o.Nr.	53.489739	10.211781
38988	Bergedorfer Schlossanlage	53.489607	10.212551
38996	Elbchaussee  o.Nr.	53.545382	9.92407
39003	August-Bebel-Straße o.Nr.	53.480633	10.245193
39041	Landhaus und Garten Michaelsen mit Sven-Simon-Park Grotiusweg	53.567422	9.764465
39042	Driftredder  o.Nr.	53.557745	10.142671
39052	Hartzlohplatz  o.Nr.	53.60241	10.044621
39053	Überseering  o.Nr.	53.604727	10.021555
39054	Jacobipark mit Kapelle Wandsbeker Chaussee	53.566755	10.053956
39100	Große Wallanlagen	53.552923	9.97447
39104	Planten un Blomen	53.561823	9.981208
39105	Alter Botanischer Garten	53.559431	9.986637
39108	Gorch-Fock-Wall o.Nr. im Alten Botanischen Garten	53.559203	9.98598
39109	Gustav-Mahler-Park	53.558705	9.991511
39118	Stadtdeich o.Nr. o. Nr.	53.543595	10.010473
39119	Zubauerstelle Goos Heidhofsweg 2	53.57964	9.796667
39121	Platz der Republik o.Nr. in der Parkanlage gegenüber dem Rathaus	53.547919	9.935405
39134	Gartengrotte	53.559277	10.010775
39137	Hof Langeloh-Ladiges Sülldorfer Kirchenweg 215-223	53.582243	9.794192
39156	Schule Grotefendweg	53.566916	9.829958
39166	Mönkedamm o.Nr.	53.549128	9.989149
39173	Dammtordamm o.Nr. südlich von Nr. 2|Stephansplatz o.Nr.	53.559213	9.989327
39182	Tonndorfer Kirche	53.587221	10.123523
39191	Simon-von-Utrecht-Straße o.Nr. neben 83	53.550978	9.963196
39192	Realschule der evangelisch-reformierten Gemeinde	53.550786	9.963332
39229	Wentorfer Straße  o.Nr.	53.486356	10.220772
39233	Gojenbergsweg  o.Nr.	53.482796	10.224476
39234	Kirche und Alter Friedhof Gojenbergsweg	53.482796	10.224476
39243	Marmstorfer Weg  o.Nr.	53.446436	9.975514
39248	Derbyweg o.Nr.	53.562225	10.08717
39261	Organistenweg o.Nr. nördlich von Nr. 7	53.520741	9.81087
39262	Organistenweg o.Nr. nördlich der Kirche	53.520968	9.811215
39263	Organistenweg o.Nr. nördlich von Nr. 7	53.520744	9.811038
43068	Friedhof Am Diebsteich	53.570776	9.929692
43121	Falkenbergsweg o.Nr.	53.44242	9.872575
43122	Falkenbergsweg o.Nr.	53.442564	9.871339
43123	Falkenbergsweg o.Nr. Verlängerung des Falkenbergwegs als Wanderweg	53.442963	9.870358
43124	Falkenbergsweg o.Nr. Verlängerung des Wanderweges	53.435733	9.860875
43137	Falkenbergsweg o.Nr. Verlängerung des Falkenbergsweg als Wanderweg nach Alversen	53.444119	9.869638
43138	Falkenbergsweg o.Nr. Verlängerung des Falkenbergsweg als Wanderweg nach Alversen	53.443383	9.86988
43166	Herrenhaus Höligbaum	53.609426	10.19054
43216	Rathausmarkt o.Nr.	53.550981	9.993474
43217	Rathausmarkt o.Nr.	53.550689	9.992916
43218	Rathausmarkt o.Nr.	53.550685	9.993019
43219	Rathausmarkt o.Nr.	53.550207	9.993428
43258	Verwaltungs- und Bildungszentrum des Bezirks Hamburg-Nord Kümmellstraße / Lenhartzstraße / Robert-Koch-Straße	53.589081	9.984418
43288	Wakendorfer Weg o.Nr.	53.675378	10.035956
43291	Curio-Haus	53.565118	9.988301
43309	Große Elbstraße o.Nr.|Sandberg o.Nr.	53.544632	9.944733
43330	Dellingerweg o.Nr. nördlich von Nr. 16	53.638015	10.181731
43331	Ahrensburger Weg o.Nr. südöstlich von Nr. 136	53.656122	10.177769
43332	Ahrensburger Weg o.Nr. südöstlich von Nr. 136	53.656122	10.177769
43333	Im Ulenbusch o.Nr. in der Lottbek		
43334	Im Ulenbusch o.Nr. in der Lottbek		
43335	Im Ulenbusch o.Nr. unter der Lottbek		
43360	Alsterufer o.Nr.|An der Alster o.Nr.|Bellevue o.Nr.|Fernsicht o.Nr.|Harvestehuder Weg o.Nr.|Schöne Aussicht o.Nr.|Schwanenwik o.Nr.	53.568895	10.006761
43361	Außenalster		
43363	Badeanstalt Kaiser-Friedrich-Ufer (Kaifu-Bad, Hallenbad und Sommerbad)	53.571111	9.963229
43379	Hofanlage Heimfelder Straße 42	53.464227	9.95635
43390	Serrahnstraße o.Nr.	53.489172	10.208716
43442	Herz-Jesu-Kirche	53.556371	10.055085
43453	Mechelnbusch o.Nr. westlich von Nr. 15	53.579108	9.753567
43519	Einfamilienhaus Innocentiastraße	53.579034	9.980517
43520	Bornkasthof	53.635478	9.919275
43522	St.-Ansgar-Kirche	53.620343	9.949874
43531	Brunnen Eulenkrugstraße 60, 62, 64	53.647428	10.168875
43541	Westphalensweg o.Nr.	53.554438	10.024514
43546	Heimhuder Straße o.Nr.	53.569582	9.991829
43629	St. Georgs Kirchhof o.Nr.	53.556562	10.007941
43630	St. Georgs Kirchhof o.Nr.	53.55636	10.00788
43667	Steinbeker Berg o.Nr.	53.530516	10.127904
43697	Marseiller Straße 2	53.561475	9.987434
43698	Marseiller Straße 2	53.562068	9.986271
43699	Marseiller Straße 2	53.561558	9.985961
43773	Stresemannstraße o.Nr. o. Nr., Höhe Nr. 221	53.561316	9.954986
43774	Sternbrücke	53.56135	9.955056
43812	Georg-Bonne-Straße 53	53.552626	9.849043
43813	Georg-Bonne-Straße 53	53.552789	9.848956
43820	Bei der Flottbeker Mühle 27	53.57296	9.869029
43821	Bei der Flottbeker Mühle 27	53.573073	9.868825
43839	Harvestehuder Weg 124, 126	53.581434	9.989862
43855	Harvestehuder Weg o.Nr.	53.573182	10.001793
43856	Harvestehuder Weg o.Nr.	53.572953	10.002533
43857	Gemeindezentrum Osdorfer Born (Maria-Magdalena-Kirche)	53.587667	9.848082
43865	Krayenkamp o.Nr.	53.548012	9.979007
43913	Saseler Markt o.Nr.	53.653918	10.112993
43915	Johann-Wenth-Straße o.Nr.|Molkenbuhrstraße o.Nr.	53.590048	9.924672
43937	Wiesendamm o.Nr.	53.588645	10.022881
43978	Amerikahöft o.Nr.	53.535482	9.994395
44056	Landhaus und Garten Cadmus	53.573302	9.994667
44058	Landhaus Brandt	53.546046	9.906115
44060	Landhaus und Garten Westerkamp	53.660883	10.093295
44136	Am Feenteich o.Nr.	53.57273	10.011102
44137	Arndtstraßenbrücke o.Nr.|Herbert-Weichmann-Brücke o.Nr.|Hofweg o.Nr.|Hofwegbrücke o.Nr.	53.573567	10.017479
44138	Alsterkanäle	53.611654	10.010587
44145	Harvestehuder Weg o.Nr.	53.572801	10.001032
44150	Jarrestadt	53.586751	10.023316
44151	Leinpfad  o.Nr.	53.588995	9.997171
44202	Südring  o.Nr.	53.593099	10.026085
44203	Südring  o.Nr.	53.591661	10.027023
44206	Erlöserkirche	53.568251	9.955248
44224	Reihenvilla Brahmsallee 121	53.580094	9.981368
44267	Gerichtstraße  o.Nr., südwestlich von Nr. 11	53.556152	9.940554
44276	Harkortstraße o.Nr. westlich von Nr. 125	53.56014	9.934933
44280	Harkortstraße o.Nr. westlich von Nr. 125	53.559919	9.936711
44298	Schule Mendelssohnstraße	53.564255	9.905471
44344	Gerichtstraße  o.Nr., südlich von Nr. 11 (an der Nordwestseite des Kolonnenhauses)	53.556192	9.940513
44345	Sanitätskolonne vom Roten Kreuz zu Altona Gerichtstraße	53.556025	9.940707
44382	Mannesallee o.Nr. südl. von Nr. 21	53.51431	9.990613
44411	Haubachstraße 60|Haubachstraße o.Nr.	53.559217	9.941865
44447	Klosterstern o.Nr. östlich Nr. 1	53.581162	9.989022
44456	Beesenlandbrücke o.Nr.	53.522117	10.02758
44500	Jüdischer Friedhof Langenfelde	53.578213	9.929743
44501	Försterweg  o.Nr.	53.583334	9.926566
44529	Klosterstern	53.581198	9.988198
44535	Abteistraße o.Nr.|Harvestehuder Weg o.Nr.|Klosterstern o.Nr.|Rothenbaumchaussee o.Nr.	53.580453	9.989788
44615	Bellevue 23, 24, 25	53.577571	10.005055
44638	Friedrich-Ebert-Hof o.Nr. östlich von Nr. 17-27	53.556941	9.912537
44645	Rethebrücke o.Nr.	53.503495	9.96692
44646	Rethe-Hubbrücke (Rethebrücke)	53.503495	9.96692
44653	Schule Oesterleystraße (Gymnasium Blankenese)	53.562868	9.80814
44719	Hofweg o.Nr.|Hofwegkanal	53.576209	10.014025
44720	Abendroth’sche Kanäle	53.575271	10.015531
44724	Alsterkanal zwischen Winterhuder Brücke und Krugkoppelbrücke	53.586408	9.996409
44726	Winterhuder Kai  o.Nr.	53.59466	9.992961
44729	Königsreihe  o.Nr.	53.575039	10.067491
44730	Königsreihe  o.Nr.	53.574291	10.06307
44756	Pflaster der Straßen Achter de Wisch, Karkendamm und Lütte Stegel	53.445949	10.224394
44833	Pflaster der Straße Foortstegel	53.447737	10.227469
44846	Villa Harvestehuder Weg 19	53.57252	9.998806
44849	Paulsenplatz  o.Nr.	53.559796	9.956933
44854	Bessemerweg / Leverkusenstieg /Leverkusenstraße / Schützenstraße / Stresemannstraße	53.564659	9.930467
44855	Karolinenstraße	53.557194	9.974629
44925	Helmut-Schmidt-Universität	53.568743	10.110969
45103	Hanseviertel	53.553319	9.988572
45104	Vorsetzen o.Nr. ohne Nr.	53.544188	9.979537
45105	Böckmannstraße	53.553843	10.016563
45139	Norderreihe o.Nr.|Thadenstraße o.Nr.|Wohlers Allee o.Nr.	53.558537	9.956674
45140	An der Lohbek o.Nr.	53.593802	9.956729
45149	Villa Hintzpeter	53.552392	9.896035
