Typ	Wikidata	Wikidata	Wikidata	Wikidata	Wikidata
Tunnel (Bahntunnel)	1
Beamtenwohnhaus	1
Rückhaltebecken (Wasserwerk (Pumpwerk))	1
Wartehäuschen	1
Landhaus; Einfriedungen; Auffahrt	1
Pförtnerhaus; Remise	1
Grünanlage <Grünflächen; Teich; Bäume (Eichen)>	1
Kontorhaus (mit Speicherböden)	1
Speicher; Portal	1
Markthalle; Marktfläche	1
Kranwärterhaus	1
Kirchengebäude (Ruine) {Mahnmal (nach Zerstörung und Umwidmung)}	1
Wohngeschäftshaus/ Kontorhaus	1
Etagenhaus/ Gaststätte (mit Saalanbau)	1
Hoffläche	1
Geschäftshaus; Speicher (rückwärtig)	1
Arkadengang	1
Bahnhof (U-Bahn/ S-Bahn)	1
Denkmal/ Ehrenmal	1
Wohnhaus {Mehrfamilienhaus} {Ledigenhaus}	1
Bürogebäude (Verlag)	1
Fabrikverwaltungsgebäude	1
Brückengeländer; Kandelaber	1
Schleuse; Brücke	1
Bürogebäude/Speicher	1
Speicher (mit Geschäft (Postamt))	1
Etagenhaus (mit Werkstattflügel)	1
Botanischer Garten {Parkanlage}	1
Wohnhaus {Geschäftshaus (nach Umnutzung)}	1
Skulptur (Tierskulpturen)	1
Rappolthaus mit Figurengruppe	1
Wohngebäude (Palais) {Bürogebäude (nach Wiederaufbau)}	1
Pastorat (Doppelhaus)	1
Zollamt	1
Geschäftshaus {Etablissement (nach Umnutzung)}	1
Platzanlage <Pflasterung; Treppen; u.a.>	1
Kontorhaus (Fassade)	1
Bürogeschäftshaus	1
Seemannsheim	1
Wohngeschäftshaus; Kontorhaus	1
Zollpavillon	1
Bürogebäude/ Zollamt	1
Brücke/Steg	1
Kaianlagen (in Teilen)	1
Operngebäude	1
Etagenhäuser (Vorderhäuser, Wohnterrasse)	1
Denkmalanlage (Reiterstandbild mit vier weiteren Figuren (Allegorien))	1
Gebäudeteil (Erdgeschoss)	1
Toilettengebäude/ Kiosk	1
Etagenhaus/Stift	1
Geschäftshaus/ Kontorhaus	1
Stadtplatz/ Parkanlage	1
Mietswohnhaus	1
Mehrfamilienhaus (Reihenhauszeile, Wohnpassage)	1
Tunnel <Tunnelröhren; Schachtgebäude; u.a.>	1
Passagierempfangs- und -abfertigungsgebäude/ Verwaltungsgebäude	1
Hangbefestigung/ Hanggestaltung <Futtermauern; Geländer; Gitter; Treppen; terrassiertes Gelände>	1
Arena {Theater (nach Umnutzung)}	1
Garage; Parkhaus; Werkstatt; Tankstelle	1
Wohngebäude {Polizeiwache (nach Umbau 1891)}	1
Wohngeschäftshaus / Kontorhaus	1
Bahnbrücke; Straßenbrücke	1
Druckereigebäude	1
Grenzstein/Grenzsäule	1
Kesselhaus/ Maschinenhaus	1
Wohn- und Geschäftshaus (Boardinghaus)	1
Kunst im öffentlichen Raum (Lichtobjekt)	1
Veranstaltungsgebäude/ Gaststätte (mit verschiedenen Sälen, Musikklub); Hotel	1
Gaststätte (mit Saal)	1
Werkstattgebäude (Fischräucherei, Hinterhaus)	1
Gemeindehaus/ Wohnhaus	1
Wohnhaus/ Pfarrhaus	1
Wohngebäude (Budenreihe)	1
Wohnheim {Heim für alleinstehende Frauen und Mädchen}	1
Wohnhaus (mit Anbau zum Garten, Vorderhaus)	1
Wohnhaus (mit Anbauten)	1
Etagenhaus (mit Laden im Keller) (Vorderhaus)	1
Kasernengebäude (Turnhalle/Stall)	1
Kasernengebäude (Polizeikaserne)	1
Schulanlage (Volksschule) <Schulgebäude; Einfriedung>	1
Glasfenster	1
Brunnenskulpturen	1
Garten (Wiesenfläche)	1
Gemeindezentrum <Kirchensaal; u.a.>	1
Trockendock	1
Turmkran	1
Werftanlage; Industrieanlage	1
Werftanlage <Plattenlager; Anzeichnerei/ Schnürboden; Werkhallen (Schiffsbauwerkstätten); u.a.>	1
Lotsenhaus	1
Schulgebäude (Realschule)	1
Mehrfamilienhaus (Typ Sahlhaus)	1
Etagenhaus Terrassenvorderhaus	1
Fernmeldeturm	1
Schlachthof <Schweinestall; Schlachthalle>	1
Verwaltungsgebäude/ Dienstgebäude/ Zollgebäude	1
Lager- und Werkstattgebäude/ Wohnhaus	1
Wohngebäude (Hinterhäuser)	1
Wohngebäude mit Hinterflügel	1
Pförtnerhaus; Einfriedung; Hofpflaster	1
Markthalle (Zentralviehmarkt)	1
Verwaltungsgebäude (mit Gaststätte und Saal)	1
Etagenhaus (Vorderhaus); Pflaster (in der Durchfahrt)	1
Etagenhaus (Hinterhaus); Pflaster in der Durchfahrt)	1
Hafentreppe (mit Kasematten, Geländer und Laternen)	1
Etagenhaus {Wohn- und Geschäftshaus (nach Umnutzung, u.a. auch Postamt)} }	1
Etagenhaus {Wohn- und Geschäftshaus (nach Umnutzung bzw. Erweiterung)}	1
Gaststätte/ Herberge	1
Schlachthofgebäude (Quarantänestall)	1
Etagenhaus (Vorderhaus, Wohnterrasse),Wohngebäude (Vorderhaus, Wohnterrasse)	1
Wohngebäude (Vorderhaus, Wohnterrasse); Wohngebäude (Hinterhaus, Wohnterrasse)	1
Denkmalanlage (Gruppe von Gedenksteinen)	1
Wohnheim {Arbeiterhotel}	1
Etagenhaus (Vorderhaus); Hofbebauung	1
Wohnhaus (Hofbebauung, Wohnterrasse)	1
Kapelle (Begräbniskapelle)	1
Stallgebäude (Hunde- und Kälberstall)	1
Etagenhaus (Vorderhaus einer Wohnterrasse)	1
Wohngebäude (Hinterhäuser, Wohnterrasse),Wohngebäude (Vorderhaus, Wohnterrasse)	1
Stallgebäude (Kälber- und Hammelstall)	1
Parkausstattung (Wasserkaskaden)	1
Wohngebäude (Vorderhaus, Wohnterrasse),Wohnhaus (Wohnpassage)	1
Plastik (Apothekerzeichen)	1
Etagenhaus (mit Kontor und Lager)	1
Schulgebäude (Doppelschule)	1
Lehrgebäude/ Institutsgebäude (Fachschule)	1
Etagenhaus (mit Laden im Keller, Vorderhaus); Speicher/ Werkstattgebäude (Hofbebauung)	1
Institutsgebäude (Impfanstalt)	1
Museumsgebäude/ Schulgebäude	1
Klinikgebäude/Institutsgebäude	1
Parkhaus/ Bürohaus	1
Doppelhaushälfte	1
Kontorhaus (mit Lager, Produktions- und Werkstätten)	1
Denkmalanlage (Obelisk, Sockel, gusseiserne Einfriedung)	1
Schulanlage <Schulgebäude; Einfriedung; Hoffläche>	1
Kontorhaus {Bankgebäude (nach Umbau)}	1
Gebäudeteile	1
Bibliothek (Öffentliche Bücherhalle) {Gaststätte (nach Umnutzung)}	1
Wohnhaus {Bankgebäude (nach Umnutzung)}	1
Wohnhäuser (ehem. zwei Gebäude) {Hotel (nach Umnutzung)}	1
Etagenhaus {Geschäftshaus (nach Umbau)}	1
Plastik (Andachtsgruppe, Kreuzwegstation)	1
Etagenhaus (Hinterhaus); Pflaster (in der Durchfahrt)	1
Denkmalanlage (Reiterstandbild)	1
Grabsteine/ Erinnerungsmale	1
Schleusenanlage; Kanalabschnitt	1
Etagenhaus; Gebäude (Hofbebauung)	1
Gaswerk <Gasmessanlage; Gelbkali-Fabrik; Gasförderanlage>	1
Fabrikgebäude (Fabrikhallen)	1
Schulgebäude (Lyzeum)	1
Speicher/ Betriebsgebäude (Bäckerei, Hofbebauung)	1
Waisenhaus {Pfarrhaus/ Kindertagesstätte (nach Umnutzung)}	1
Markthalle (Großmarkthalle); u.a.	1
Gaststätte (Kaffeeklappe für Hafenarbeiter)	1
Etagenhaus (mit gewerblich genutztem Gebäudeteil)	1
Gewerbebau/ Wohnhaus	1
Bürohochhaus (mit Andachtsräumen)	1
Bronzetafel	1
Stadtvilla	1
Gemeindezentrum <Kindergarten; u.a.>	1
Gemeindezentrum <Pfarrhaus; u.a.>	1
Fabrikanlage (Fabrikgebäude)	1
Stadion	1
Kirchengebäude; Pastorat; Gemeindehaus	1
Fabrikanlage (Papierfabrik)	1
Schulanlage <Schulgebäude; Einfriedungen>	1
Kirchengebäude; Nebengebäude (Anbauten); Kirchturm	1
Gemeindehaus mit Kindergarten	1
Wohnhaus (mit Stall, Anbau)	1
Schulgebäude (Mädchenmittelschule)	1
Stützmauern (mit Geländer und Laternen)	1
Straßenabschnitt/ Promenade (Allee); Platzanlage	1
Fabrikanlage (Ölfabrik); Wasserturm	1
Wohnhaus (mit Kutscherwohung)	1
Büro- und Wohngebäude	1
Druckausgleichsbehälter (Turmform)/ Schornstein	1
Straßenbrücke (Autobahn)	1
Betriebsgebäude (Nebengebäude)	1
Entleerungspumpwerk	1
Schöpfpumpwerksgebäude	1
Betriebsgebäude <Laborgebäude, Verwaltungsgebäude, Beamtenwohnhaus>	1
Kasernenanlage (Polizeikaserne) <Wagenschuppen; Stall>	1
Kasernenanlage (Polizeikaserne)	1
Rollkräne	1
Zollrampe	1
Höft; u.a.	1
Brücken	1
Kasernenanlage (Polizeikaserne) <Turnhalle; Schmiede>	1
Zollzaun	1
Verwaltungsgebäude (Zoll)	1
Luftschutzbau (Ringtreppenturm)	1
Werftanlage <Verwaltungsgebäude; Maschinenbauhalle; Lotsenhaus; Feuerwache; Trockendock; u.a.>	1
Lotsenhaus/ Feuerwache	1
Werfthalle	1
Vereinshaus/ Gaststätte (Kaffeeklappe)	1
Wohnhaus (mit Bäckerei und Laden)	1
Kornspeicher	1
Wohngebäude (mit Bäckerei, vermutl., Deichbebauung)	1
Wohnhaus {Gastwirtschaft}	1
Verwaltungsgebäude {Wohngebäude (nach Umnutzung)}	1
Wohnwirtschaftsgebäude; Wurt	1
Veranstaltungshalle	1
Gaststätte/ Wohnhaus	1
Stall (vermutl.) {Wohnhaus (nach Umnutzung)}	1
Lehrgebäude/ Institutsgebäude (Maschinenhaus/ Maschinenbaulaboratorium)	1
Gewächshaus (Erdgewächshaus)	1
Schleusenwärterhaus	1
Pavillon/ Teehaus	1
Gewerbebau (Hinterhaus)	1
Kanal; Uferbefestigung/ Treppen	1
Transformatorenhaus	1
Sportplatz (Polizeikaserne)	1
Kasernenanlage (Polizeikaserne) <Kasernengebäude, Pulvermagazin>	1
Etagenhaus (Vorderhaus, Wohnterrasse); Vorgärten; Pflaster	1
Kaianlagen <Kräne; u.a.>	1
Filterwerk (Sandfiltration)	1
Straßenfläche (Pflaster)	1
Kirchengebäude mit zwei Pastoraten	1
Treppenanlage; Denkmal; Gitter	1
Hafen; Kanal	1
Verwaltungsgebäude/ Pumpenhaus	1
Vereinshaus (mit Versammlungs-, Sozialarbeits- und Wohnräumen)	1
Denkmal (Bronzestandbild, Granitsockel)	1
Fabrikgebäude; Wohnhaus	1
Oberleitungsmasten (Straßenbahn)	1
Baracke (Büronutzung)	1
Fassade (Kontorhausfassade)	1
Werkstattgebäude/Lager (Hinterhaus)	1
Wohngebäude (Vorderhaus); Werkstatt (Hofgebäude)	1
Etagenhaus (mit Gastronomie, Eckgebäude)	1
Wohnhaus (Doppelhaus, Typ Bude)	1
Wohnhaus (Typ Bude)	1
Wohnhaus (Vorderhaus)	1
Etagenhaus (Vorderhaus); Mietfabrik (Hinterhaus)	1
Krankenhausanlage (Krankenhausgebäude; Einfriedungen; Treppen; Kandelaber; Außenanlagen (z.T.))	1
Friedhof <Grabmäler; Kriegerdenkmal; Gedenkstein; Einfriedung; u.a.>	1
Friedhof; Einfriedung	1
Etagenhaus (Vorderhaus); Wohngebäude (Hinterhaus)	1
Krankenhausgebäude (Behandlungs- und Bettenhaus)	1
Schulgebäude {Wohngebäude (nach Umnutzung)}	1
Schulgebäude (Knaben-Mittelschule)	1
Pförtnerhaus/ Gärtnerhaus	1
Getreidespeicher (Silo); Verladebrücke (stationäre Anlage zur Wasserseite)	1
Mälzerei	1
Brunnenskulptur	1
Kriegerdenkmal (Kriegerdenkmal 1914/ 18) (Denkmalanlage aus verklinkerter Stele mit Erinnerungstafeln und umfassenden Mäuerchen)	1
Schulgebäude (Dorfschule) {Geschäftshaus (nach Umnutzung)}	1
Pferdestall {Feuerwache (seit 1922)}	1
Maschinenhaus/ Kesselhaus (Wasserwerk (Pumpwerk))	1
Etagenhaus (mit Laden und Gaststätte)	1
Reihenhaus; Einfriedung	1
Villa (Reihenvilla); Einfriedung; Tor	1
Bootshaus/Wohnhaus	1
Wohngebäude/ Verwaltungsgebäude	1
Etagenhaus; Hofbebauung (gewerblich)	1
Bahnbetriebsgebäude (Lagerhaus)	1
Verwaltungsgebäude/ Mehrfamilienhaus; Skulpturen (zwei Skulpturen, ehem. Schmuck der Außentreppe)	1
Schulgebäude; Turnhalle; Einfriedungen; gärtnerisch gestalteter Vorplatz (östlich des	1
Kasernengebäude (Reithalle/Exerzierhaus)	1
Versorgungseinrichtung (Armenküche)	1
Wohnheim/Stift	1
Park (Grünanlagen des Krankenhauses); Einfriedung	1
Etagenhaus (Hofbebauung); Hofflächen	1
Mehrfamilienhaus (Mietshaus)	1
Straßenabschnitt/ Promenade (Allee)	1
Denkmalanlage (Mauer mit Tafel und niedriger Zaun)	1
Etagenhaus; Hofbebauung (drei Gebäude)	1
Verwaltungsgebäude/ Mehrfamilienhaus	1
Gartenhaus/Wohnhaus; Einfriedung	1
Denkmal/ Brunnen	1
Lagergebäude/ Werkstattgebäude (Möbelfabrikation, Hinterhaus)	1
Fabrikgebäude/ Lagerhaus {nach Umnutzung}	1
Wohnhaus/ Geschäftshaus/ Gaststätte	1
Etagenhaus (Wohn- und Geschäftshaus, mit Lagerräumen und Kontor im EG, Hofdurchfahrt)	1
Bürogebäude (Fabrik)	1
Wohnhaus (mit Tierarztpraxis)	1
Etagenhaus (mit Gastronomie)	1
Wohnstift (Stiftsgebäude; Pavillons (zur Straße); Einfriedungen; Außenanlagen)	1
Kiosk/Toilettenhaus	1
Schule (Real- bzw. Oberrealschule)	1
Krankenhausgebäude; Einfriedungen; Außenanlagen (z.T.)	1
Geschäftsgebäude/ Lagergebäude	1
Schulgebäude/Lehrgebäude; Platzanlage <Einfriedung>; Freitreppe	1
Etagenhaus (Vorderhaus); Werkstatt (Hofbebauung)	1
Kleinwohnhaus (Kate); Bäume	1
Wohngebäude (Reihenhäuser)	1
Kaserne <Mannschaftsunterkünfte; Offiziersheim; Offizierskasino; Stabsgebäude; Wirtschaftsgebäude; Kraftfahrzeughallen/ Geschützhallen (mit Flakturm); Technikhalle/ Heizwerk; Torhaus; Einfriedungen; u.a. >	1
Rathaus (nach Erweiterung und Umbau des 1844 errichteten und 1866 umgebauten Vorgängerbaus (Bahnhof Altona))	1
Wohnhaus (Stadthaus, Doppelhaus)	1
Reihenhaus (Reihenmietshaus, Wohnterrasse); Etagenhaus (nach gestaltprägendem Umbau 1889/90)	1
Konfirmandensaal	1
Wohnhaus (Stadthaus) {Etagenhaus (nach Umbau)}	1
Etagenhaus/ Eilguthalle (Halle im Erdgeschoss)	1
Speichergebäude	1
Wohn- und Geschäftshaus (z.T. Privatklinik)	1
Grabsteine/ Erinnerungsmale (mit Einfriedung)	1
Wasserwerk (Grundwasserwerk) <Betriebsgebäude; Betriebstechnik; Reinwasserbehälter; Filterbecken; Treppenanlage; Stützmauer (mit Inschrift); u.a.>	1
Siedlungsbau (Wohnanlage gehobenen Standards); Vorgarten; Einfriedung	1
Kriegerdenkmal (Regimentsehrenmal)	1
Schulgebäude (Hauptschule) {Wohngebäude (nach Umnutzung)}	1
Wohnhochhaus; Außenanlagen	1
Schulgebäude (Kirchenschule)/ Küsterwohnhaus	1
Brunnen (Becken/Brunnenfigur)	1
Wohnhaus; Pflaster (in der Durchfahrt)	1
Stall- und Garagengebäude/Wohnhaus (Gärtnerwohnung)	1
Kutscherhaus/ Remise/ Stall; Wohnhaus (nach Umnutzung)	1
Friedhof <Grabsteine; Grüfte; Kriegerdenkmal; Friedhofskapelle; Torhaus/ Wartehalle; Einfriedungen; Tor>	1
Wohnwirtschaftsgebäude (Fachhallenhaus); u.a.	1
Kriegerdenkmal (Friedenseiche mit Findling)	1
Wohnhaus; Windbaum	1
Mühlenanlage (Großmühlenbetrieb)	1
Dienstgebäude (Militärintendantur)	1
Kiosk	1
Platzanlage; Denkmal (Kriegerdenkmal 1870/71)	1
Gärtnerhaus/Torhaus	1
Wohnhaus mit Garten; Brunnen	1
Altenteiler/ Kate	1
Landhaus {Rathaus (nach Umnutzung)}	1
Einfriedung (Gußeisernes Gitter)	1
Wohnhaus {Schulgebäude/ Lehrerwohnhaus (nach Umnutzung 1808)} {Geschäftshaus (nach Umnutzung 1888)}	1
Hotel (Strandhotel)	1
Einfamilienhaus/ Villa	1
Villa; Remise	1
Etagenhaus (Genossenschaftswohnblock)	1
Werksgebäude (Brauerei)	1
Gewerbebau (Speichergebäude)	1
Schulgebäude (Kirchenschule) {Gemeindehaus (nach Umnutzung)}	1
Pastorat/Gemeindehaus	1
Kaufmannshaus; Speicher (Anbau); Fabrikgebäude (Anbau)	1
Wohn- und Wirtschaftsgebäude {Laden (nach Umnutzung)}	1
Gemeindezentrum (Kirchengebäude mit Gemeinderäumen)	1
Denkmalanlage (Findlinge, z.T. mit Bronzeplatte) <Kriegerdenkmal 1848/ 51; Kriegerdenkmal 1870/ 71; Kriegerdenkmal 1914/ 18; Kriegerdenkmal 1939/ 45; Denkmal für die Erhebung Schleswig-Holsteins)>	1
Wohnhaus und Garten	1
Wohnwirtschaftsgebäude {Restaurant bzw. Laden (nach Umnutzung)}	1
Fassade (Gaststättenfassade); Terrasse (Gartenwirtschaft)	1
Fischerhaus (Haushälfte)	1
Wohnhaus; Remise; Einfriedung	1
Bauernhaus {Kavalierhaus (nach Umnutzung)}	1
Einfamilienhaus (mit Garage)	1
Pastorat; Einfriedung	1
Landhaus; Stützmauer (erhaltene Teile)	1
Villa; Stützmauer	1
Pumpstation	1
Landhaus; Garten; Einfriedung	1
Gaststätte; Garten	1
Wohnhaus (Direktorenwohnhaus; Schulnebengebäude)	1
Clubhaus	1
Gutsgelände (historisch geprägte Flächen)	1
Park; Tor (Parktor)	1
Landarbeiterhaus	1
Wohnwirtschaftsgebäude {Laden (nach Umnutzung}	1
Werksgebäude (Halle mit Wohn- und Büroteil)	1
Wohngebäude/Stallgebäude/Altenteiler	1
Schulgebäude (Dorfschule) {Wohnhaus (nach Umbau)}	1
Wohngebäude (Gutsverwalterhaus)	1
Schulgebäude (Dorfschule) {Wohnhaus (Umnutzung nach 1945)}	1
Wohngebäude (mit Läden und Treppe)	1
Wohngebäude Hinterhaus	1
Landhaus (mit Garage)	1
Denkmal (Denkmal für die Erhebung Schleswig-Holsteins 1848 und Kriegerdenkmal 1914/ 18)	1
Mehrfamilienhaus/ Kino	1
Kavaliershaus/ Sommerwohnhaus	1
Wohnhaus mit Garten	1
Wohngebäude (vermutl.) {Schulgebäude (nach Umnutzung 1821, Privatschule)}	1
Wohnhaus (mit Garten)	1
Schul- und Lehrgebäude	1
Wohnhaus {Pastorat (nach Umnutzung)}	1
Kirchengebäude/ Kirchturm	1
Kirchturm; Einfriedung	1
Brunnenplastik	1
Freiplastik (auf Betonsockel)	1
Wohnhaus (Reihenhaus, Doppelhaus)	1
Stallgebäude/ Remise	1
Scheune (Fachwerk) {Wohnhaus (nach Umnutzung)}	1
Remise/ Scheune (mit Wohnteil nach Osten)	1
Stall {Wohnwirtschaftsgebäude (nach Anbau des Wohnteils mit Pferdestall 1910)}	1
Altenteiler; Windbäume (vor dem Haus)	1
Apotheke (Handwerkerhaus)	1
Handwerkerhaus (Reepschlägerei) {Mehrfamilienhaus (nach Umnutzung}	1
Fischerhaus (Tweehus, Fachwerkhaus)	1
Kleinwohnhaus (ortstypisches Reihenwohnhaus mit drei Hausteilen)	1
Speicher (Mehl- und Getreidespeicher)	1
Kirchengebäude (Kirchensaal); Einfriedung	1
Park; Teich; Einfriedung	1
Wohnwirtschaftsgebäude (Wirtschaftsgebäude mit Wohnteil)	1
Schalthäuschen	1
Villa; Gartenhaus; Einfriedung	1
Kleinwohnhaus/Reihenhaus (Langer Jammer)	1
Musikschule (ehem.)	1
Kleinwohnhaus (mit Werkstatt)	1
Mehrfamilienhaus (Hinterhaus); Einfriedigung (Zaun zum Garten); Hoffläche	1
Fabrikgebäude (Mietfabrik)	1
Mehrzweckgebäude (Bürgerhaus)	1
Heim ("Erziehungsanstalt für sittlich verwahrloste Knaben") {Mehrfamilienhaus (nach Umbau 1923)}	1
Friedhof <Grabstätten; Friedhofskapelle; u.a.>	1
Fabrikgebäude (Eisen- und Stahlgießerei)	1
Gaswerksgebäude/ Betriebsgebäude (Verwaltungsgebäude)	1
Gaswerksgebäude/ Betriebsgebäude (Halle; Kohlenschuppen)	1
Bahnbrücke (Industriebahn)	1
Gaswerksgebäude/ Betriebsgebäude; Einfriedung (zur Straße)	1
Gaswerksgebäude/ Betriebsgebäude (Halle; Kohlenschuppen mit höherem Kohlenbunker)	1
Denkmal <Gedenkstein/Eichen/Rasenfläche>	1
Gedenksteine (Findlinge)	1
Werksgebäude (Mälzerei)	1
Staffagebau/ Gaststätte (Typ Niedersächsisches Bauernhaus)	1
Gaswerksgebäude/ Betriebsgebäude (Werkstattgebäude)	1
Torhaus/ Wohngebäude (Altenheim/Pflegeheim)	1
Friedhof; Grabsteine	1
Grabmal (Ehrengrabstätte mit Gedenkstein und eingefriedetem Grabfeld)	1
Speicher/ Fabrikgebäude	1
Militärversorgungseinrichtung (Proviantamt) <Dienstgebäude; Scheune; Lagerschuppen; Bäckerei; Latrine; Einfriedung; Pflaster; Baumbestand>	1
Gaswerksgebäude/ Betriebsgebäude (Uhren- und Reglerhaus)	1
Dienstwohngebäude	1
Militärversorgungseinrichtung (Bekleidungsamt) <Werkgebäude; Dienstgebäude/Wohngebäude; Einfriedung; Freiflächen>	1
Park (Volkspark)	1
Nebengebäude (Kindertagesstätte)	1
Reihenhaus (Dreifachhaus)	1
Fabrikgebäude (Fabrikhalle für Stahlfabrikation)	1
Fabrikgebäude (Sheddachhalle)	1
Fabrikgebäude (Arbeitshalle)	1
Fabrikgebäude (Kontorgebäude/Maschinenhaus/Wohnhaus)	1
Fabrikgebäude (Werkstattgebäude)	1
Fabrikgebäude (Kontorgebäude mit Lagertrakt südwärts)	1
Bunkerhaus (Krankenhausbunker); Tunnel (unter der Bülowstraße)	1
Fabrikgebäude (Geschossbau)	1
Kate/ Bauernhaus {Wohnhaus (nach Umbau)}	1
Einfriedung/Freisitz/Garage	1
Villa; Schule (nach Umnutzung 1898)	1
Mehrfamilienhaus; Einfriedung; Tor	1
Landhaus; Zaun	1
Gärtnerhaus; Zaun	1
Wirtschaftsgebäude/ Stallgebäude	1
Tunnel	1
Mehrfamilienhaus; Gartenpavillon; historische Teile der Einfriedung (insbesondere Mauer an Straßenecke); u.a.	1
Kriegerdenkmal (Kriegerdenkmal 1848 und 1870/ 71)	1
Mehrfamilienhaus; u.a.	1
Villa (einschl. des Inventars)	1
Stallgebäude (mit Wohnteil) {Wohnhaus (nach Umbau)}	1
Stallgebäude {Wohnhaus (nach Umbau)}	1
Mehrfamilienhaus (mit Werkstatt und Laden)	1
Gasreglerhaus/ Wohnhaus	1
Mehrfamilienhaus (mit Werkstatt)	1
Kriegerdenkmal (Kriegerdenkmal 1870/ 71) (Findling unter Eiche)	1
Kriegerdenkmal (Kriegerdenkmal 1914/ 18; hier Findling mit Tafel einschließlich Einfriedung und Hecke)	1
Straßenschild	1
Luftschutzbau	1
Gärtner- bzw. Kutscherhaus; Einfriedung	1
Denkmal (Denkmal für die Erhebung Schleswig-Holsteins 1848)	1
Kriegerdenkmal (Kriegerdenkmal 1914/ 18 und 1939/ 45) (Findling)	1
Denkmal (Gedenkstein/ Stele)	1
Etagenhaus (mit Laden); Vorplatz	1
Schulanlage <Schulgebäude; Außenanlagen (u.a. Einfriedung)>	1
Wohnhaus (mit Apotheke)	1
Fischerhaus (Tweehus-Hälfte)	1
Badeanstalt (Hallenbad); Filterhaus	1
Schule (Oberrealschule)	1
Mehrfamilienhaus (mit Laden, Handwerksbetrieb (Fleischerei))	1
Verwaltungsgebäude (Versicherung); Mehrfamilienwohnhaus	1
Fabrikanlage (Fleischwarenfabrik)	1
Polizeiwache (Normalpolizeiwache)	1
Bahnhof (U-Bahn) <Bahnhofshalle (oberirdisch); U-Bahnstation; Ladenzeile>	1
Mehrfamilienhaus; Werkstatt	1
Mehrfamilienhaus (mit Werkstatt, zugl. Hinterhaus)	1
Etagenhaus (vermutl.)	1
Wohnhaus (Villa mit Remise)	1
Bahnhof (Fernbahn/ S-Bahn)	1
Funkorgel	1
Apothekeneinrichtung (wandfeste Ausstattung, bewegliches Inventar und Offizin)	1
Doppelhaus (Sommerhaus)	1
Schule (Handelsschule); Einfriedung	1
Siedlungsbau/ Etagenhaus	1
Stift (Stiftsgebäude)	1
Mehrfamilienhaus (mit Laden); Einfriedung (Nr. 77)	1
Mehrfamilienhaus (mit Laden); Einfriedung (Nr. 48)	1
Mehrfamilienhaus (mit Laden); Einfriedung (Nr. 42)	1
Etagenhaus (Hofbebauung)	1
Verwaltungsgebäude (Finanzamt)	1
Gesellschaftshaus	1
Allee	1
Wohngebäude (Reihenhaus)	1
Villa {Verwaltungsgebäude (nach Zusammenfassung und Umnutzung)}	1
Begrünter Innenhof	1
Viadukt (mit Kasematten)	1
Remisen {Bürogebäude (nach Aufstockung)}	1
Wohnhaus/ Geschäftshaus (vermutl.)	1
Lehrgebäude (Institutsgebäude/ Hörsaalgebäude)	1
Bunkerhaus {Institutsgebäude (nach Umnutzung)}	1
Bibliotheksgebäude	1
Stall/ Garage/ Remise {Institutsgebäude (nach Umnutzung)}	1
Schulgebäude {Bibliothek (nach Umnutzung)}	1
Probstei/ Kirchenkreishaus	1
Kate; Vorgarten	1
Mühle (Holländerwindmühle, Dampfmühle)	1
Einfamilienhaus (Villa) {Mehrfamilienhaus (nach Umnutzung)}	1
Mehrfamilienhaus; Garagen; Außenanlage (rückwärtig)	1
Fassade mit Dachansicht (Etagenhaus)	1
Verwaltungsgebäude/ Mehrzweckgebäude	1
Lehrgebäude/ Hörsaalgebäude	1
Hochbahnviadukt	1
Etagenhaus (Typ Hamburger Burg)	1
Werk- und Armenhaus	1
Hofeinfahrtssteine	1
Warteschule/ Krippe	1
Wohngebäude (Sommerhaus bzw. Jagdhaus in der Art eines Bauernhaus)	1
Wohnhaus/ Werkstatt (Weberei)	1
Wohnhaus (Gästehaus; Sommerhaus)	1
Tierpark	1
Denkmalanlage <Findling; Baum>	1
Einfamilienhaus (nur Äußeres/ Fassaden)	1
Kloster	1
Reihenvilla (Endhaus)	1
Wäscherei	1
Verwaltungsgebäude (Hochhaus)	1
Wohnhaus (mit Kontorräumen)	1
Mehrfamilienhaus; Betriebsgebäude	1
Villa {Rathaus (nach Erweiterung/ nach Umbau)}	1
Betriebswerk <Betriebsgebäude>	1
Park; Parkausstattung <Pavillon; Teich; u.a.>	1
Kirchengebäude (Notkirche, Einbau in Kirchenruine)	1
Institutsgebäude/ Bibliothek	1
Treppenbrücke	1
Wohngebäude (Handwerkerhaus)	1
Denkmal (Kriegerdenkmal 1870/71; Gegendenkmal)	1
Kiosk/ Toilettenhäuschen	1
Etagenhau/ Geschäftshaus	1
Heim	1
Wohngebäude/ Schulungsgebäude	1
Dienstwohnhaus (Schwesternhaus)	1
Krankenhausgebäude/ Institutsgebäude	1
Krankenhausgebäude (mit Operationssaal und Hörsaal)	1
Stüzmauer; Grünanlage	1
Fernmeldezeugamt	1
Etagenhaus (Wohnstiftung)	1
Wohngebäude (Hinterhaus),Wohngebäude (Hinterhaus, Wohnterrasse)	1
Etagenhaus,Wohngebäude	1
Straßenprofil	1
Trafohaus/ Pavillon (Verkaufsraum)/ Toilettenanlage	1
Landhaus/ Wohnwirtschaftsgebäude	1
Schulanlage (Realschule)	1
Doppelwohnhaus; Einfriedung	1
Etagenhaus (Vorderhaus, mit Durchfahrt)	1
Pastorat/Küsterei	1
Siedlungsbau/ Gemeinschaftshaus	1
Fabrikgebäude (Hinterhaus)	1
Kirchengebäude (mit Verbindungsbauten)	1
Wasserturm {Planetarium (nach Umnutzung)}	1
Bootshaus/Vereinshaus	1
Wasserfläche; Ufereinfassung; Vereins-/Bootshaus	1
Park; Plastik	1
Verwaltungsgebäude/ Eingangsgebäude	1
Zweifamilienhaus; Remise	1
Park; Uferbefestigung; Wasserfläche	1
Sportstadiongebäude	1
Arbeiterwohnhaus/Reihenhaus (Landarbeiterhäuserzeile, Typ "Langer Jammer")	1
Wohnwirtschaftsgebäude (Nr. 12 Wirtschaftsteil, Nr. 14 Wohnteil); Einfriedung	1
Küchengebäude	1
Kirchengebäude/ Gemeindeschule (katholisch)	1
Tunneleingänge (U-Bahn)	1
Wohngebäude (Hofbebauung)	1
Bleicherhaus; Vorgarten; Einfriedung; Pflaster	1
Stallgebäude/ Werkstattgebäude (Hinterhaus)	1
Stallgebäude (Pferdestall)	1
Wasserfläche; Ufereinfassung	1
Schulgebäude (Gewerbeschulgebäude)	1
Bürohaus (mit Badeanstalt)	1
Krananlage <Halbportalkran; Kranbahn>	1
Siedlungsbau; Grünanlage	1
Bahnbrücke (U-Bahn)/ Brückenwiderlager/ Bahnhofseingang (U-Bahn)	1
Stallgebäude (Hofbebauung)	1
Straßenbrücke; Ufermauern	1
Trinkhalle	1
Einfamilienhaus (Kernbau Bleicherhaus)	1
Wohngebäude (Hofbebauung, Hinterhaus)	1
Bleicherhaus (Wohngebäude mit angebautem Wirtschaftsteil, vermutl. Waschhaus); Vorgarten; Pflaster	1
Bleicherhaus (Doppelhaus mit anschließendem rückwärtigen Wirtschaftsteil , u.a. Pack- und Plätträume)	1
Bleicherhaus (Häuserzeile, Hofbebauung, Hinterhaus)	1
Bleicherhaus (z.T. Hoflage)	1
Bleicherhaus (Hofbebauung, Hinterhaus)	1
Einfamilienhaus {Altenheim (nach Umbau)}; Vorgarten	1
Zweifamilienhaus (Doppelhaus); Vorgarten	1
Wasserfläche; Ufereinfassung; Grünanlage	1
Siedlungsbau <Wohngebäude; Durchfahrt/ Treppenanlagen; Außenanlagen; Bäume; Einfriedung>	1
Pavillon/Café	1
Bahntrasse (U-Bahn, erhöhte Gleisführung)	1
Schulgebäude/ Hochschulgebäude	1
Schulkindergarten	1
Schwimmhalle	1
Schulgebäude (Doppelvolksschule für Jungen und Mädchen)	1
Bürogebäude/Gewerbebau	1
Mietfabrik (Hofbebauung)	1
Gemeindezentrum <Kirchengebäude; Gemeindesaal; Skulpturen; Außenanlagen (Treppen, Mauern, Freiflächen usw.)>	1
Grabmal {Denkmal (nach Umgestaltung)}	1
Friedhofskapelle {Kirchengebäude (nach Umnutzung)}	1
Teich	1
Krankenhausgelände <Außengestaltung; Alleen; Wege; Einfriedungen (mit Trafohaus); Brunnenhaus; u.a.>	1
Gehwegplatten	1
Mehrfamilienhaus/Geschäftshaus (Hochhaus)	1
Siedlungsbau/ Postgebäude	1
Kirchengebäude; Pastorat (Anbau)	1
Fabrikgebäude (Remise/ Stall/ Lagerhaus)	1
Fabrikgebäude (Zinnschmelze)	1
Sommerhaus {Landhaus (nach Erweiterung)}	1
Villa; Garage ("Auto-Remise")	1
Tierhaus	1
Gaststätte (mit Bootsverleih)	1
Verkaufspavillon/Kiosk	1
Vasen	1
U-Bahnbrücke	1
Tunneleingang (U-Bahn)	1
Kriegerdenkmal (Kriegerdenkmal 1870/ 71, u.a.)	1
Mühlenteich	1
Kirchenkreishaus	1
Grenzstein (vermutl.)	1
Bauschmuck; Kriegerdenkmal	1
Trauerhalle	1
Torhaus	1
Bahnbetriebshof (U-Bahn)	1
Fabrikgebäude (Produktionsgebäude)	1
Fabrikgebäude (Kesselhaus)	1
Bahnbetriebshof (S-Bahn)	1
Flugzeughallen	1
Bahnbrücke (U-Bahn/ Güterbahn)	1
Landheim	1
Denkmal (zwei Reliefs)	1
Kriegerdenkmal (Kriegerdenkmal 1939/ 45) (drei Findlinge mit Bronzetafel)	1
Kriegerdenkmal (Kriegerdenkmal 1914/18 und 1939/45)	1
Fabrikgebäude/Verwaltungsgebäude	1
Kutscherhaus	1
Krankenhausanlage <Gebäude; Pavillons; Krankenhausgelände (parkähnliche Anlage mit Wegenetz und Pflanzungen)>	1
Wohnstift (Altenwohnanlage)	1
Büro- und Gewerbegebäude	1
Kirchengebäude (Kirchensaal mit Turm)	1
Außenanlagen	1
Ämterstein (Amt der Reeper)	1
Fabrikgebäude (Produktionsgebäude/ Kontor- und Lagerhaus)	1
Gemeindehaus (Gemeindesaal, Anbau an Etagenhaus)	1
Garagenanlage	1
Bankgebäude (mit Wohnung)	1
Wohngebäude (Einzelhaus)	1
Kasernengebäude, Kasernenstabsgebäude (Torgebäude mit Haupteingang) {Krankenhaus (nach Umnutzung 1945)}	1
Kapelle; Mausoleum	1
Pastorat/ Gemeindehaus (mit Gemeinde- und Konfirmandensaal)	1
Fabrikhallen <Montagehalle; u.a.>	1
Ufergestaltung/ Uferbefestigung; u.a.	1
Fußgängertunnel (im Bahndamm); Böschungsmauern (Zyklopenmauerwerk)	1
Orgel	1
Wasserwerksgebäude (Pumpenhaus/Aufbereitungsanlage/Wasserbehälter) {Wohngebäude (nach Umnutzung)}	1
Grabschmuck	1
Dach	1
Gräber	1
Mehrfamlienhaus	1
Reithalle	1
Bauskulptur (Attika)	1
Krankenhaus (Kinderkrankenhaus)	1
Volkshaus	1
Rathaus (vor Umbau Villa)	1
Wohnhaus; Portal	1
Brauereikeller <Keller; Einfahrstor>	1
Wassermühle	1
Wohnwirtschaftsgebäude; Gasthaus (nach Umnutzung 1929)	1
Wohnhaus {Wohnwirtschaftsgebäude (nach Umbau)}	1
Wohnhaus, Stall/ Remise	1
Kriegerdenkmal (Kriegerdenkmal 1870/ 71 u.a.)	1
Taubenhaus	1
Wohnhaus (vermutl.)	1
Krankenhausanlage <Krankenhausgebäude; Pförtnerhäuschen>; Jüdischer Friedhof	1
Straßenbrücke (Drehbrücke)	1
Kanalabschnitt	1
Pförtnerhaus/Wohnhaus	1
Wohngebäude/ Verwalterhaus	1
Stützmauer/ Treppenanlage (mit Treppengeländer)	1
Pflegeheim <Unterkunftsgebäude; Verwaltungsgebäude; Badehaus/ Waschhaus/ Wasserturm; Maschinenhaus/  Kesselhaus (mit Schornstein); Pumpenhaus; Remise; Außenanlagen (Allee/ Freiflächen/ Gartenflächen); Einfriedung; Denkmal; u.a.>	1
Tiefbunker/Rundbunker (Erprobungsbau)	1
Gaststätte/Ladengebäude	1
Feuerwehrremise	1
Fabrikgebäude; Speicher	1
Slipanlage (Querslipanlage)	1
Schulgebäude/Veranstaltungsgebäude	1
Mauern (Stützmauern)	1
Gerätehaus	1
Gutshaus {Landhaus (nach Umbau)}	1
Steinbrüstung	1
Denkmalanlage (Kriegerdenkmal 1914/ 18)	1
Stabsgebäude	1
Hofanlage <Wohnwirtschaftsgebäude; Scheune; Arbeiterwohnhaus>	1
Hofanlage <Wohnwirtschaftsgebäude; Scheune; Stall>	1
Hofanlage <Wohnwirtschaftsgebäude; Scheune; Bäume; Zaun>	1
Hofanlage <Wohnwirtschaftsgebäude; Scheune; Hausgarten>	1
Wohnhaus (mit Gaststätte und Laden)	1
Schloss	1
Pferdeställe	1
Grenzstein (Fischereibegrenzungsstein)	1
Wohngebäude (ländlich)	1
Landhaus; Torhaus; Allee; Hoffläche; Einfriedung/ Tor (zur Straße)	1
Landhaus/ Jagdhaus	1
Werksgebäude (Druckerei)	1
Waisenhaus	1
Remise (mit Wohnung, vermutl.)	1
Wohn- und Geschäftshaus (Wohnhaus mit Kotorräumen)	1
Stallgebäude (vermutl.)	1
Kriegerdenkmal (Kriegerdenkmal 1914/ 18 und 1939/ 45) <Kreuze; Stelen; Tafel>	1
Ortskern	1
Forsthaus	1
Mühlengebäude (Feldentwässerungsmühle)	1
Göpelhaus	1
Remise (mit Lagerraum)	1
Heuberg	1
Kleinviehstall	1
Wohnwirtschaftsgebäude (mit Gaststätte)	1
Kate (Gaststätte (seit 1890))	1
Wohnhaus (mit Werkstatt und Stall)	1
Werksschutzbunker (Personenschutzbunker)	1
Brauhaus/ Branntweinbrennerei	1
Kinderheim/ Pflegeheim/ Wohnheim	1
Deichvorland	1
Hofanlage <Hoffläche; u.a.>	1
Arbeiterwohnhaus (Instenhaus)	1
Schulanlage <Schulgebäude; Sportplatz>	1
Wohngebäude; u.a.	1
Kirchengebäude (Turm)	1
Wohnwirtschaftsgebäude; Scheune; Einfriedung; u.a.	1
Fluss	1
Wehr	1
Toilettenhäuschen/ Pavillon	1
Kate {Gasthaus}	1
Konzentrationslager <Wohngebäude>	1
Konzentrationslager <Klinkerwerk>	1
Konzentrationslager <Häftlingsunterkünfte>	1
Wohnwirtschaftsgebäude (Typ Hufnerhaus) {Scheune (nach Umnutzung)}	1
Kirchengebäude; Kirchturm (Glockenturm)	1
Zollhaus/ Fährhaus {Gasthaus (nach Umbau)}; Saal	1
Luftschutzbau (Betonformsteinunterstand)	1
Kriegerdenkmal (Kriegerdenkmal 1864/ 66)	1
Denkmalanlage (Kriegerdenkmal 1914/ 18 und 1939/ 45) <Mauer; Stele; Tafeln>	1
Brack	1
Pegelhaus	1
Wohnhaus (mit Schulnutzung) {Wohnhaus/ Werkstatt (nach Umnutzung)}	1
Fährstein	1
Schulgebäude (Dorfschule) {Gaststätte (nach Umnutzung)}	1
Wohngebäude/ Gasthaus (mit Saal)	1
Küsterhaus/ Organistenwohnhaus	1
Wohngebäude (Eckhaus)	1
Kasernengebäude (Stabsgebäude) {Polizeiwache (nach Umnutzung)}	1
Dienstwohnhaus/ Amtshaus (im 19. Jh. zwischenzeitlich genutzt als Amtsgericht)	1
Verwaltungsgebäude/ Bahnhofsgebäude	1
Fabrikgebäude/Lagergebäude	1
Wohngeschäftshaus (Apotheke)	1
Steinwerk (urspr.) {Wohngebäude (nach Umbau ab 1527, herzöglicher Wohnsitz)} {Amtshaus (nach Umbau um 1820)} {Mehrfamilienhaus, Mietwohnhaus (nach Umbau)}	1
Friedhof {Parkanlage (nach Umnutzung)}	1
Fabrikgebäude (Raffinerieanlage)	1
Wasserwerk (Grundwasserwerk)	1
Gerichtsgebäude; Gefängnis	1
Wasserfläche; Ufer	1
Fabrikgebäude (Weberei mit Verwaltung)	1
Wohnhaus (Doppelhaus); Stall (Kleintierstall)	1
Straßenbrücke (Portalbrücke)	1
Bahnhofsgebäude (Güterbahnhof) (hier Güterhalle)	1
Bahnbetriebswerk <Betriebsgebäude; Werkstattgebäude; Pförtnerhaus>	1
Kasernengebäude	1
Dorfkern	1
Wohnhaus/ Tierklinik	1
Wassertreppe	1
Straßenabschnitt (Chaussee) <Pflaster; u.a.>	1
Wohnwirtschaftsgebäude {Kirchengebäude (nach Ausbau)}	1
Wohngebäude (Küsterhaus)/ Schulgebäude (Kirchenschule)	1
Kleintierstall	1
Stall (mit Speicherboden)	1
Löschteich (vermutl.)	1
Remise; Pförtnerhaus	1
Lokschuppen/Werkstatt	1
Kinderheim/ Kindergarten	1
Schulgebäude (Mädchenschule)	1
Hofanlage <Wohnwirtschaftsgebäude; Scheune; Obstgarten <Baumreihe; Einfriedung>>	1
Mühlengebäude (Industrie-Getreidemühle)	1
Wohn- und Geschäftshaus (Apotheke); Garage	1
Grünfläche; Entwässerungsgraben	1
Wohnwirtschaftsgebäude; Scheune; Speicher	1
Hofanlage <Wohnwirtschaftsgebäude; Scheunen; Backhaus; u.a.>	1
Hofanlage <Wohnwirtschaftsgebäude; Scheune; Einfriedung>	1
Gasthaus/ Wohngebäude	1
Trockendock; Werftkräne	1
Kaufhaus {Speicher (nach Translozierung)}	1
Schleuse; Sperrwerk	1
Wohnhaus (Küsterhaus) / Schulgebäude (Kirchenschule)	1
Treibhaus	1
Kriegerdenkmal <Kriegerdenkmal 1870/71; Kriegerdenkmal 1914/18; Kriegerdenkmal 1939/45>	1
Hochbrücke	1
Abspannwerk	1
Wohnbaracke/Bürobaracke (Baracke Typ R.L.IV)	1
Sanitärbaracke	1
Bahnhofsgebäude (U-Bahn)	1
Pavillon (Gartenpavillon)	1
Wohnhaus; Baumreihe (vor dem Haus)	1
Halle (Straßenbahndepot)	1
Straßenbrücke/ Bahnbrücke	1
Fabrikgebäude/ Speicher; Fabrikgebäude (Sheddachhalle)	1
Kino	1
Schuppen/ Garagen	1
Grünstreifen	1
Fabrikbau	1
Lehr- und Tagungsgebäude	1
Schwesternhaus	1
Brücke/Grenzzeichen	1
Mehrfamilienhaus mit Vereinsräumen	1
Pastorat/ Konfirmandensaal	1
Gasthaus (mit Tanzsaal und Kegelbahn, im Kern urspr. Wohngebäude)	1
Meilenstein (Kilometerstein)	1
Hofpflasterung	1
Windbäume	1
Kontor- und Geschäftshaus	1
Vereinshaus	1
Verwaltungsgebäude {Polizeiwache (nach Umnutzung)}	1
Wohngeschäftshaus/Kontorhaus	1
Konzertgebäude	1
Geschäftshaus/ Gaststätte	1
Kontorhaus (mit Tankstelle)	1
Büro- und Wohnhaus	1
Kontorhaus; Fabrikanlage (nach Umnutzung 1927/29)	1
Schulgebäude/ Jugendheim/ Theater	1
Badeanstalt {Atelier- und Bürogebäude (nach Umnutzung)}	1
Speicher {Wohnhaus (nach Umbau)}	1
Wohngebäude/ Stallgebäude	1
Gasthaus/ Wohnhaus	1
Fernsprechamt/ Postgebäude	1
Automobilhalle	1
Badeanstalt	1
Schulgebäude; Turnhalle (Anbau)	1
Mühlenanlage (Industrie-Getreidemühle)	1
Säuglings- und Mädchenheim; Polizeistation	1
Gleisanlagen (Überreste); Bahnsteig (Überreste)	1
Park (mit gesamter baulicher Ausstattung)	1
Bürogebäude/Passage	1
Halbportalkrananlage	1
Speicher; Wohn- und Geschäftsgebäude	1
Vorsetzen	1
Hafenbecken <Hafenbecken; Uferbefestigung>; Schlengelanlage	1
Tierklinik/ Stallgebäude	1
Kasematte	1
Lagerhaus; Postgebäude	1
Krankenhaus; Schule	1
Kirchengebäude mit Gemeindehaus; Pastorat; Turm	1
Kirchengebäude; Pfarrhaus	1
Grabmal; Kirche	1
Schiffsladebrücke; Kran	1
Gewerbegebäude	1
Wohnhaus (Deichbebauung); Einfriedung	1
Tagungsgebäude	1
Mehrfamilienhaus; Einfriedung (Mauer)	1
Promenade; Grünanlage	1
Etagenhaus; Speicher	1
Schulanlage <Schulgebäude (Klassentrakte, Fachräume, Verwaltung, usw.); Turnhalle; Aula; Laubengänge; Skulpturen; Mauern im Hofbereich; weitere erhaltene Reste der historischen Außenraumgestaltung>	1
Kleinwohnhaus; u.a.	1
Landhaus; Stützmauer	1
Tweehus; u.a.	1
Garten; Landhaus	1
Clubhaus; Sportgelände (Polospielfeld)	1
Landhaus; Mauer; Sieberling; Einfriedung	1
Landhaus; Garten (vermutl.)	1
Landarbeiterhaus; Zaun	1
Villa; Garten (vermutl.)	1
Villa; Stützmauer; Torpfeiler; Hecke; Garten	1
Garten; Landhaus; Mauer; Tor	1
Eiskeller; Garten; Gasthaus	1
Einfamilienhaus; Garage	1
Landhaus; Gartenpavillon	1
Wohnhaus; Einfriedung; Linden	1
Gärtnerhaus/ Verwalterhaus; Einfriedung	1
Garage; Wohnen	1
Remise; Wohnen	1
Wohnhaus; Garten; Hecken; Einfriedung	1
Denkmal/ Kriegerdenkmal (Kriegerdenkmal 1914/ 18)	1
Verwaltungsgebäude (Gewerbebetrieb)	1
Kraftwerksanlage <Kesselhaus; Schornstein>	1
Bahnsteiggebäude	1
Kapelle; Turm	1
Wohnhaus/ Atelierhaus; Garten	1
Elektrizitätswerk <Wohnhaus; Maschinenhalle; Kesselhaus>	1
Schule; Wohnen	1
Wohnhaus; Gartenpavillon; u.a.	1
Villa; Außenanlagen (Umgebung der Villa)	1
Wohnhaus (mit Atelier); Einfriedung; Garten	1
Kriegerdenkmal (Kriegerdenkmal 1914/ 18; Kriegerdenkmal 1939/ 45)	1
Fischerhaus; Gartenlaube (vermutl.)	1
Villa; Hausgarten; Einfriedung;	1
Dreehus (Einzelwohnhaus vor Anbau von Nr. 22 und 24)	1
Fabrikanlage <Fabrikgebäude; Zufahrt; Gleise; Pflaster>	1
Einfriedung; Treppe; Wohnstift	1
Einfamilienhaus; Einfriedung; Tor	1
Schulanlage; Krankenbaracken {Schulpavillon (nach Umnutzung)}	1
Einfriedung; Werkstatt; Wohnen	1
Wohnhaus; Garten; Einfriedung	1
Hotel; Einfriedung	1
Wohngebäude (Doppelhaus); Einfriedung	1
Wohnhaus; Zufahrt (mit Umfahrungsrondell); Baumbestand; Stützmauern (aus Bruchstein)	1
Villa; Grundstück; Einfriedung	1
Gärtnerhaus; Remise; Stall; Taubenhaus; Villa; Weg	1
Wohnhaus (mit Atelier); Garten	1
Villa; Zubehör	1
Schulanlage (Realschule/ Lyzeum)	1
Wohngebäude; Einfriedung; Windbäume	1
Kriegerdenkmal (Kriegerdenkmal 1848/ 49, u.a.) <Gedenkstein; Eiche>	1
Friedhof <Friedhofsgelände; Friedhofskapelle; Tor; Grabsteine>	1
Bootsanleger <Ponton; Brücke>	1
Gemeindehaus; Pastorat; Turm	1
Bahnhof (Vorortbahn) <Bahngebäude; Rampe; Pflaster>	1
Gutsanlage <Herrenhaus; Stallgebäude; Nebengebäude; Geflügelhaus; Instenhaus; Lagerhaus; Torhaus; Allee; Pflaster; Teich; Grünfläche>	1
Motel	1
Wohnhaus; Außenanlagen; Einfriedungen	1
Verwaltungsgebäude (Standortkommandantur)	1
Garage; Stall; Wohnen	1
Wohnhaus; Zaun	1
Fabrikgebäude (Großbäckerei); Schornstein; Silo	1
Badeanstalt; Einfriedung	1
Altenheim	1
Gewerbebau (Hofbebauung)/Speicher (Kanalbebauung)	1
Etagenhaus; u.a.	1
Ufermauern	1
Einfamilienhaus (mit Garage (Anbau)); Einfriedung	1
Gemeindehaus; Pfarrhaus	1
Schulanlage (Doppelvolksschule)	1
Einfamilienhaus; Einfriedung; Vorgarten; u.a.	1
Fabrikgebäude; Hoffläche; Uferbefestigung	1
Reihenvilla; u.a.	1
Moschee	1
Tankstelle/ Werkstatt	1
Krankenhausanlage <Krankenhausgebäude; Kapelle; Ärztehaus>	1
Schulanlage (Hilfsschule)	1
Hofanlage <Wohnwirtschaftsgebäude; Scheune; Hoffläche; Windbäume; Lattenzaun; Auffahrt>	1
Mausoleum; Einfriedung	1
Wohngebäude/ Atelierhaus; Einfriedung; Pflaster	1
Wohnhaus {Verwaltungsgebäude (nach Umnutzung}; Fabrikationsgebäude (Florylingebäude)	1
Kriegerdenkmal (Kriegerdenkmal 1939/ 45) <Hain (Birkenhain); 
    Kreuze (Gruppen aus jeweils drei Kreuzen); Tafeln (zwei Tafeln mit Namen der Gefallenen); Findling>	1
Friedhof; Kirche	1
Bahnhofsgebäude (Güterbahn, Halle mit Kopfbau); Pflaster; Rampe	1
Steinbänke	1
Sportplatz	1
Forsthof/ Wohnanwesen <Wohnhaus; Stall (mit Gärtnerwohnung); Weintreibhaus; Treibhaus; Garten; Allee; Weideflächen	1
Bahnhofsgebäude; Gleisanlage/Bahngebäude; Bahnbrücken	1
Landhaus; Tor; Garten	1
Hofanlage <Wohnwirtschaftsgebäude; Ställe; Einfriedung>	1
Gemeindehaus; Kirchengebäude	1
Wohnhaus; Remise	1
Folly (Nachbau einer Burgruine)	1
Behelfsheim (Plattenhaus); Nutzgarten; Einfriedung <Hecke; Zaun>; Weg	1
Denkmalanlage <Findling; Einfriedung>	1
Denkmalanlage (Kriegerdenkmal 1870/ 71)	1
Mehrfamilienhaus; Stallgebäude	1
Wohnwirtschaftsgebäude/Landhaus; Bäume	1
Einfamilienhaus; Wohnnebengebäude; Einfriedung	1
Einfamilienhaus; Garage; Garten; Einfriedung	1
Denkmalanlage <Kriegerdenkmal (Kriegerdenkmal 1870/ 71); Eiche; Teich; Findling>	1
Gasthausgebäude	1
Kirchengebäude; Gemeindezentrum; Kinderheim	1
Atelierhaus; Garten; Vorgarten	1
Landhaus; u.a.	1
Wohnhaus; Atelierhaus; Vorgarten; Garten	1
Gasthaus (mit Saal)	1
Kate; Einfriedung	1
Hofanlage <Wohnwirtschaftsgebäude; Scheune; Tore; u.a.>	1
Hofanlage <Wohnwirtschaftsgebäude; Backhaus>	1
Wohnhaus; Geländer; Einfriedung	1
Heimgebäude	1
Schulgebäude; Bäume	1
Wohnhaus; Werkstattgebäude	1
Bahnhofsgebäude; Toilettenhaus	1
Hufnerhaus; Scheune	1
Wohnwirtschaftsgebäude; Einfriedung	1
Hofanlage <Wohnwirtschaftsgebäude; Scheune; Stall; Pflaster>	1
Hofanlage <Wohnwirtschaftsgebäude; Speicher (Turmspeicher)>	1
Hofanlage <Wohnwirtschaftsgebäude; Scheune; Pflaster>	1
Schulgebäude; Toilettenhäuschen	1
Wohnhaus {Bahnhofsgebäude (nach Umnutzung)}	1
Hofanlage <Wohnwirtschaftsgebäude; Scheunen; Einfriedung>	1
Hofanlage <Wohnwirtschaftsgebäude; Scheunen; Tor; Einfriedung>	1
Hofanlage <Wohnwirtschaftsgebäude; Scheunen; Tor; Einfriedung; Pflaster>	1
Hofanlage <Wohnwirtschaftsgebäude; Scheune; Nebengebäude; Einfriedung; u.a.>	1
Hofanlage <Wohnwirtschaftsgebäude; Scheune; massives Nebengebäude>	1
Bahnhof <Bahnhofsgebäude; Schuppen; Bahnsteig>	1
Hofanlage <Bauernhaus; Scheune>	1
Wohnwirtschaftsgebäude; Einfriedung; Bäume	1
Wohnhaus; Schuppen; Zaun	1
Gasthaus; Remise; u.a.	1
Hofanlage <Wohnwirtschaftsgebäude; Garten; Einfriedung; u.a.>	1
Hufnerhaus; u.a.	1
Pastorat; u.a.	1
Schulgebäude; Toilettenhaus; Bäume	1
Schulgebäude; Wohngebäude (Lehrerwohnhaus)	1
Hofanlage <Wohnwirtschaftsgebäude; Scheunen; Speicher; Stall>	1
Hofanlage <Wohnwirtschaftsgebäude; Scheune; Waschhaus>	1
Hofanlage <Wohnwirtschaftsgebäude; Scheune; Windbäume>	1
Wohnwirtschaftsgebäude; Bäume; Pflaster	1
Windmühle; u.a.	1
Wohnhaus; Schuppen	1
Wohnhaus {Schulhaus (1851-1860 Armenschule)}	1
Schulgebäude (vermutl.); Einfriedung	1
Schule <Schulgebäude/ Wohnhaus; u.a.>	1
Wohnhaus; Windbäume	1
Schule <Schulgebäude; Turnhalle; Jugendheim>	1
Kirchengebäude; Gemeindehaus; Pastorat	1
Sternwarte	1
Zweifamilienhaus; Vorgarten; Einfriedung	1
Mietwohnhaus; Einfriedung; Schuppen (rückwärtig)	1
Silo; Fabrikationsgebäude; Kaianlagen	1
Wohngebäude; Speicher	1
Mehrfamilienhaus; Speicher	1
Villa; Einfriedung; Tore	1
Eingangsgebäude; Remise; Villa	1
Schulanlage <Turnhalle; Verwaltungsgebäude; Schulgebäude>	1
Einfamilienhaus; Einfriedung; Vorgarten	1
Zweifamilienhaus; Einfriedung; Vorgarten	1
Villa; Einfriedung; Vorgarten	1
Einfriedung; Garage; Garten; Schwimmbecken; Villa; Vorgarten	1
Fabrikanlage; Straße; Pflaster; Gleise	1
Speicher; Silos; u.a.	1
Kirchengebäude; Kirchturm (freistehend)	1
Amtshaus; Garten; Friedhof	1
Straßen- und Eisenbahn-Hubbrücke	1
Wohngebäude (mit Arztpraxis); Garten; Mauer	1
Hofanlage <Wohngebäude/ Stallgebäude; Einfriedung; u.a.>	1
Hofanlage <Wohnwirtschaftsgebäude; Scheune; Stallscheune; u.a.>	1
Einfamilienhaus; Einfriedung; Pavillon	1
Wohnwirtschaftsgebäude; Verkehrsfläche (zwischen Haus und Straße)	1
Hofanlage <Wohnwirtschaftsgebäude; Wirtschaftsgebäude>	1
Hofanlage <Wohngebäude; Scheune/ Stall>	1
Hofanlage <Wohnwirtschaftsgebäude; Prunkpforte>	1
Wohnwirtschaftsgebäude; Prunkpforte	1
Einfamilienhaus; Werftanlage <Werkstattgebäude; Slipananlage>	1
Kolleg	1
Fabrikgebäude <Produktionshallen/ Montagehallen; Betriebsbüro; u.a.>	1
Bahnhof (S-Bahn/ Fernbahn)	1
Straßenbrücke; Eisenbahnbrücke	1
Kaserne {Schulanlage (Bundeswehr)}	1
Läden/ Geschäftspavillons (Ladenzentrum)	1
Gedenkzeichen; Kirchengebäude	1
Platz	1
Bahnhof; Bahnsteig; Bahnviadukt	1
Betriebsgebäude; Verwaltungsgebäude	1
Geschäftsgebäude	1
Krananlage	1
Werftkomplex	1
Hochschulgebäude; Institutsgebäude	1
Synagoge; Wohnen	1
Pflaster; Straßenbeleuchtung; Wohnen	1
Großmarkt	1
Kirchengebäude mit Gemeindehaus	1
Bahnanlage; Krananlage; Schuppen	1
Befestigungsanlage	1
Gemeindezentrum (Kirchengebäude/ Gemeindehaus/ Pfarrhaus)	1
Villa; Vorgarten; Zaun	1
Denkmal; Grabmal	1
Baumreihe; Einfriedung; Wohnen	1
Einfriedung; Siedlungsbau; Vorgarten	1
Garten; Wohnanlage	1
Altenheim; Pflegeheim	1
Schule <Schulgebäude; Laubengang; u.a.>	1
Schulgebäude (Klassen- und Verwaltungstrakte; Schulpavillons; Aula; Turnhalle); Laubengänge; Außengestaltung	1
Regierung/ Verwaltung/ Sicherheit	1
Einfriedung; Villa; Vorgarten	1
Bürogebäude; Wohnen	1
Einfriedung; Etagenhaus	1
Geschäftsgebäude; Siedlungsbau	1
Bahnbrücke; Bahnhof; Bahnsteig	1
Einfriedung; Wohnwirtschaftsgebäude	1
Siedlungsbau; Wohnstift	1
Bahnviadukt	1
Einfriedung; Wohnen	1
Torpfosten	1
Gemeindezentrum; Kirchengebäude	1
Kate; Remise	1
Denkmal; Friedhof; Pflaster; Turm; Wohnen	1
Baum; Kriegerdenkmal	1
Lehrgebäude/ Institutsgebäude (Schiffsbaulaboratorium)	1
Außenanlagen (vor dem Hauptgebäude, mit Auffahrt); Pavillon; Einfriedung	1
Bahnhofsanlagen	1
Gaswerksgebäude/ Betriebsgebäude (Kohlenturm)	1
Stall/ Backhaus	1
Friedhof <Grabstätten; Friedhofskapelle; Friedhofsgebäude; u.a.>	1
Kasernengebäude (Fahrzeugschuppen)	1
Einfriedung (gusseiserne Einzäunung mit Torpfeilern)	1
Verkehrsflächen (Straßenfläche; Platzanlage)	1
Krankenhausgebäude (Krankenpavillons)	1
Krankenhausgebäude/ Betriebsgebäude/ Maschinenhaus (Kesselhaus)	1
Krankenhausgebäude (Wirtschaftsgebäude)	1
Allee; Eingangsgebäude; Hoffläche; Landhaus; Tor	1
Schulgebäude (Gemeindeschule)	1
Verwaltungsgebäude/ Altenheim/ Wohn- und Dienstgebäude (kirchlich)	1
Wassergraben	1
Garage; Villa	1
Park (Wirtshauspark)	1
Garten (Hecken; Wasserbecken; usw.)	1
Spielplatz	1
Terrassen	1
Gewächshäuser	1
Brücke (Fußgängerbrücke)	1
Gartenanlage <Terrassen; Gartenhaus; Baumbestand; u.a.>	1
Böllerstation	1
Baumreihe; Wohnen	1
Denkmal (Findling mit Tafel)	1
Inneneinrichtung	1
Grotte (Gartengrotte)	1
Wohnhaus (Hofgebäude)	1
Denkmalanlage (Kriegerdenkmal 1914/18 und 1939-45)	1
Gemeindehaus; Kirche	1
Krane	1
Friedhof; Park	1
Kriegerdenkmal (1870/71)	1
Friedhof <Wegenetz; Baumbestand; Grabmäler; Treppenanlage; Einfriedung; Tor>	1
Forschungszentrum	1
Wohngebäude (Mehrfamilienhaus, Hinterhaus)	1
Müllerwohnhaus	1
Krananlage <Kranbahn; Laufkatze>	1
Rinderschlachthalle	1
Plastik (Betonguss-Plastik)	1
Reihenvilla; Remise; Stall	1
Kiosk; Arkaden; Leuchten; Bäume; Bänke; u.a.	1
Ausgangsbauwerke (U-Bahn)	1
Skulptur (in Verbindung mit Treppenanlage)	1
Schulgebäude (mit Schulleiter- und Hausmeisterwohnung)	1
Lagergebäude  mit Wagenhalle (Hinterhaus)	1
Lagerhaus; Pflaster; Vorgarten; Werkstatt; Wohnen	1
Werkstattgebäude (mit Schornstein)	1
Treppenanlage; Pflaster; Stützmauer	1
Wohngebäude (Arbeiterwohnhäuser)	1
Wohngebäude (Arbeiterwohnhaus)	1
Gewässer	1
Bootshaus; Brücke; Pavillon; Uferbefestigung	1
Tribüne	1
Schwimm- und Sprungbecken	1
Turnhalle/ Aula	1
Gasthaus mit Saalanbau	1
Remise; Villa	1
Turnhalle (Schulturnhalle)	1
Schulgebäude (mit Hausmeisterwohnung)	1
Vorgarten; Schneitelbäume	1
Zuwegung	1
Innenhof	1
Fabrikanlage <Fabrikgebäude; Werkstattgebäude; Fabrikhallen>	1
Fabrikschornstein	1
Gartenhof	1
Vorgartenpostamente mit Keramikvasen	1
Hoffläche; Mauer	1
Mietwohnhaus (Vorderhaus)	1
Fabrikgebäude (Kontorgebäude/Lagerhaus/Wohnhaus) (hier Vorderhaus)	1
Kasematten mit Vorplatz	1
Treppen und Grünbereich	1
Vordergebäude	1
Schulgebäude mit Portal	1
Außenanlagen/ Ausstattung im Außenraum <Portal; Gefallenendenkmal; weitere künstlerische Ausstattung; Unterstand (nordöstl.); Treppen; Leuchten; umgebende gepflasterte bzw. gärtnerisch gestaltete Flächen; Böschungen; Sportplatz (östl.)>	1
Kirchenschiff	1
Bürobau	1
Kesselhaus mit Schlot	1
Gemeindehaus; Pastorat	1
Wandbild	1
Vorderhaus	1
Pumpenhalle	1
Feierhallen	1
Schiffsladebrücke	1
Halle 15	1
Halle 15.1	1
Hallen 14 bis 14.2	1
Bunkerhaus (OP-Bunker)	1
Krankenhausgebäude (Krankenpavillon, Verwaltungsgebäude)	1
Hotelhochhaus	1
Kongresszentrum	1
Vorfahrtsbauwerk	1
Schonstein	1
Wirtschaftsgebäude (Nebengebäude)	1
Wohnhaus; Stallgebäude	1
Güterwagenhalle	1
Maschinenhaus	1
Ringlokschuppengebäude	1
Hauptgebäude	1
Gewerbebauten	1
Stallgebäude (Viehstall)	1
Stallgebäude (Garage) {Wohn- und Bürogebäude (nach Umnutzung)}	1
Garten (mit Linden)	1
Verwaltungsgebäude; Wohngebäude	1
Sporthalle	1
Kasematte/Gewerbebau	1
Brücke/Widerlager/Gewerbebau/Kasematte	1
Brücke; Gewerbegebäude; Kasematte	1
Parkanlage	1
Wohnhaus (mit Verbindungsgang)	1
Wohnhaus (Vorderhaus, mit Veranda und Einfriedung)	1
Hoffläche (rückwärtig)	1
Schule (Dorfschule)	1
Gasthaus/ Ausflugslokal <Gasthaus/ Hotel; Saalbau mit Konzert- und Ballsaal/ Aussichtsturm>	1
Futtermauer	1
Terrassen; Treppenanlagen	1
Schulgebäude (Anbau 1900)	1
Fabrikationsanlage	1
Zufahrt	1
Gärtnerhaus; Taubenhaus/ Gerätehaus	1
Hof	1
Mauer	1
Gemeindezentrum; Pastorat	1
Bahnhof (Güterabfertigung)	1
Stall; Garage	1
Einfamilienhaus (Bahnwärterwohnhaus)	1
Gemeindehaus/ Pfarrhaus	1
Pegelmesser	1
Wasserbassin	1
Beratungsstelle	1
Garage; Atelier	1
Atelier	1
Schwimmbad	1
Laube	1
Wasserfläche <Teich; Kanal>	1
Kanal; Wasserfläche	1
Siedlungbau	1
Kanal; Ufereinfassungsn	1
Behelfsheim	1
Wasserbecken; Ufermauern	1
Kanal; Ufereinfassungen	1
Pastorat/Wohnhaus	1
Werkstatt/Lagergebäude	1
Wirtschaftsgebäude/Verwaltungsgebäude (Altenheim/Pflegeheim)	1
Schulungsgebäude (mit Wohnteil, DRK-Kolonnenhaus)	1
Wasserturm/ Bahngebäude	1
Tunnel (Bahnanlage)	1
Güterbahnhofsgebäude/Bahnschuppen	1
Keller	1
Eingangstor	1
Baumreihe	1
Fußgängerbrücke	1
Fachwerkkate	1
Schuppen (Hinterhaus)	1
Vorgarten; Einfriedung (jenseits des Weges)	1
Wohnhaus {Wohn- und Geschäftshaus}	1
Rechenzentrum	1
Einfriedung/ Tor	1
Einfamilienhaus {Mehrfamilienhaus (nach Umbau)}	1
Bahntrasse (erhöhte Gleisführung)	1
Kaimauern/Wassertreppen	1
Kaserne (Luftwaffe) <Mannschaftsunterkünfte; Zwischentrakte; Stabsgebäude/ Wirtschaftsgebäude; Kraftfahrzeughallen/ Geschützhallen; Heizwerk; Wachgebäude;  Einfriedungen; Findling (vor dem Tor); Straßen- und Wegenetz; begrünte Freiflächen; u.a.>	1
Kriegerdenkmal (Kriegerdenkmal 1914/18)	1
Kasernengebäude (Stabsgebäude)	1
Kesselhaus	1
Mietfabrik (Hinterhaus)	1
Fabrikgebäude (Maschinen- und Werkstattgebäude)	1
Fabrikgebäude (Schlosserei/Lagergebäude)	1
begrünter Innenhof	1
Lokschuppen	1
Rauhfutterscheune	1
Wandlerhäuschen	1
Pflasterung, Schienen	1
Friedhof (Zentralfriedhof)	1
Einfamilienwohnhaus, Einfriedung	1
Einfamilienhaus; Mehrfamilienhaus	1
Wohnhaus/ Atelierhaus	1
Garage/Werkstatt	1
Straßen- und Eisenbahn-Rampe	1
Gewerbebau/Speicher	1
Schulgebäude (Zwischentrakt/Mehrzweckhalle/Pavillons); Stützmauer	1
Mehrfamilienhaus; Vorgarten; Einfriedung	1
Friedhof (Jüdischer Friedhof)	1
Scheune; Wohnwirtschaftsgebäude	1
Heckeneinfriedung	1
Kleinwohnhaus (Handwerkerhaus)	1
Stall/Scheune {Wohnhaus (nach Umnutzung)}	1
Stadtplatz	1
Rundpavillon	1
Wandgemäldezyklus: "Marschlandschaft“, „Nächtliche Werft“, „Blick von der Lombardbrücke“	1
Verlagsgebäude	1
Grünanlage (gärtnerisch gestalteter Vorplatz östlich des Schulgebäudes)	1
Tunnel (Leitungstunnel)	1
Mensa	1
Gärtnerwohnhaus	1
Zentrale Versorgungsanlage	1
Garten; Schwimmbecken	1
Mehrfamilienhäuser (Eisenbahnerwohnungen); Vorgarten	1
Pavillon (Taubenhaus)	1
Pavillon (Gartenhäuschen)	1
Pavillon (Borkenhäuschen)	1
Einkaufspassage/ Bürogebäude; Parkhaus	1
Siel/Einstiegsbauwerk	1
Grabsteine; Grüfte mit liegenden Grabplatten; Grabstätten	1
Wohnhaus/ Speicher	2
Leihhaus	2
Brunnen/ Denkmal	2
Kunst im öffentlichen Raum	2
Brückenskulptur	2
Zollgebäude	2
Fernmeldeamt (Betriebs- und Verwaltungsgebäude)	2
Etagenhaus (mit Eiskeller)	2
Innungshaus	2
Fassade; Treppenhaus	2
Börse	2
Wohngebäude/ Verwaltungsgebäude (Dienstgebäude)	2
Höft	2
Kandelaber	2
Verwaltungsgebäude/ Betriebsgebäude (Post-/ Zollabfertigung)	2
Hotel {Geschäftshaus (nach Umnutzung)}	2
Schulanlage <Schulgebäude; Turnhalle>	2
Stift (Wohnstift)	2
Bibliothek	2
Gemeindezentrum <Kirchengebäude; u.a.>	2
Wohngebäude (Doppelhaus)	2
Schulgebäude; Einfriedung	2
Gefechtsturm	2
Mietfabrik	2
Fabrikgebäude/Speicher	2
Markthalle (Gebäudeteil)	2
Verwaltungsgebäude/ Dienstgebäude	2
Fabrikgebäude (Hofbebauung)	2
Wohngeschäftshaus (Vorderhaus, Wohnpassage)	2
Krankenhausgebäude (Verwaltungsgebäude)	2
Schulgebäude (Mädchenvolksschule)	2
Siedlungsbau (mit Laden)	2
Synagoge (Ruine); Wohnhaus (Vorderhaus)	2
Institutsgebäude	2
Bahnbrücke (Industriebahn, einschl. Auflager und angrenzender Kaimauern)	2
Verwaltungsgebäude/ Wohnhaus	2
Fabrikgebäude (Fabrikhalle)	2
Haus für Sportler	2
Fassade (Stadthausfassade)	2
Wohnhaus; Nebengebäude	2
Betriebsgebäude	2
Schuppen; Rollkräne; Bahnanlage	2
Rundbunker	2
Lagergebäude	2
Befestigungsanlagen {Parkanlage}	2
Seezeichen	2
Küsterhaus	2
Kinosaal	2
Brunnenanlage	2
Skulpturen	2
Werkstattgebäude (Hofbebauung)	2
Etagenhaus (Fassade)	2
Treppenanlage	2
Stadthaus (Doppelhaus)	2
Fassade (Etagenhausfassade)	2
Bahnbetriebsgebäude	2
Krankenhausgebäude (Schwesternheim)	2
Stadthaus (Reihenhaus, Doppelhaushälfte)	2
Gericht	2
Speicher (Hofbebauung)	2
Wohnhaus (mit Werkstatt)	2
Gärtnerhaus	2
Pförtnerhäuschen	2
Wohnwirtschaftsgebäude (Fachhallenhaus)	2
Dreehus	2
Mehrfamilienhaus (Siedlungsbau)	2
Speicher (Hinterhaus)	2
Wohnhaus (Doppelhaus)	2
Transformatorenhäuschen	2
Wohnhaus/ Gartenhaus	2
Landhaus; Garten	2
Wohnhaus (Sommerhaus)	2
Wohnhaus; Garten; Hofplatz; Einfriedung	2
Wohnhaus (Reihenhaus, Doppelhaushälfte)	2
Pastorate	2
Wohnwirtschaftsgebäude; Wirtschaftsgebäude	2
Fabrikanlage (Fabrik- und Werkhallenkomplex)	2
Mehrfamilienhaus (mit Laden, Vorderhaus)	2
Gaswerksgebäude/ Betriebsgebäude (Halle; Gasreinigung)	2
Wohnhaus (Zwillingshaus)	2
Villa; Vorgarten; Einfriedungen	2
Mehrfamilienhaus; Einfriedung; u.a.	2
Studentenwohnheim	2
Wohnhaus; Einfriedung; Tor	2
Villa mit Garten	2
Garten; Wohnen	2
Logenhaus	2
Wohnwirtschaftsgebäude; Scheune	2
Etagenhaus (mit Gaststätte und Laden)	2
Mehrfamilienhaus; Einfriedung (in Teilen)	2
Wohnhaus (Doppelhaus, Haushälfte)	2
Wohnhaus (Villa)	2
Kirchengebäude (Notkirche)	2
Ringlokschuppen	2
Villa (Sommerhaus)	2
Schule (Volksschule); Einfriedung	2
Bücherhalle	2
Siedlungsbau/ Geschäftshaus	2
Bootshaus	2
Kirchengebäude; Kirchenausstattung	2
Mütter- und Säuglingsheim	2
Mehrfamilienhaus (Doppelhaushälfte)	2
Wohn- und Geschäftshaus (mit Apothekenvorbau)	2
Kasernenanlage	2
Dienstwohngebäude (Beamtenwohnhaus)	2
Jugendheim (Haus der Jugend)	2
Wohn- und Geschäftshaus (Vorderhaus)	2
Wohngebäude (Boardinghaus)	2
Schulanlage (Volksschule)	2
Wohngebäude; Einfriedung	2
Wohnhochhaus	2
Bahnbrücke (U-Bahn/ S-Bahn)	2
Desinfektionshaus	2
Einfahrtspfosten (vermutl.)	2
Stützmauer	2
Stall; Wohnen	2
Kirchengebäude (mit Nebenräumen)	2
Bodenspeicher	2
Wohngebäude (Altenwohnungen)	2
Schulgebäude {Wohnhaus (nach Umnutzung)}	2
Schulgebäude (Kirchenschule)	2
Hofanlage <Wohnwirtschaftsgebäude; Scheune; u.a.>	2
Entwässerungssystem	2
Straße	2
Gefängnisbau	2
Wohnhaus (mit Bäckerei)	2
Wohngebäude/ Gasthaus	2
Wohngebäude (Lehrerwohnhaus)	2
Wohnhaus/ Stall	2
Wohngebäude/ Gaststätte; u.a.	2
Gedenkstätte	2
Schmiede	2
Erholungsheim	2
Grenzstein (Wegeunterhaltungsstein)	2
Kulturlandschaft	2
Zweifamilienhaus (vermutl.)	2
Verladestation	2
Hofanlage <Wohnwirtschaftsgebäude; Stall>	2
Fassaden	2
Freifläche	2
Etagenhaus; Vorgarten	2
Konzentrationslager <Garagen>	2
Feuerwache (Spritzenhaus)	2
Wohnhaus (mit Arztpraxis)	2
Wohngebäude (Doppelhaus); Stall (Kleintierstall)	2
Deich (mit Straße)	2
Schöpfwerk	2
Deich (Sommerdeich)	2
Bahnsteigüberdachung	2
Grüngestaltung	2
Knick	2
Eiskeller	2
Hotel/ Kontorhaus	2
Straßenbrücken	2
Bahnbrücken (S-Bahn)	2
Landhaus; Einfriedung; Tor	2
Villa; Garten	2
Garage; Mehrfamilienhaus	2
Hochschulgebäude	2
Mütterheim	2
Kanal; Schleuse	2
Hofanlage <Wohnwirtschaftsgebäude; Scheune; Schneitelbäume>	2
Villa; Vorgarten	2
Hofanlage <Wohnwirtschaftsgebäude; Scheunen>	2
Villa; Garten; Einfriedung	2
Zweifamilienhaus (vermutl.); Einfriedung; Vorgarten	2
Etagenhaus; Einfriedung; Vorgarten	2
Schlachthof	2
Einfriedung; Schulgebäude	2
Gewerbekomplex	2
Einfriedung; Schule	2
Etagenhaus (Doppelhaushälfte)	2
Gartenpavillon	2
Fahnenmast	2
Schulanlage (Gymnasium) <Schulgebäude>	2
Gartenhaus	2
Werkhalle	2
Fabrikhalle	2
Grabmale; Grabanlagen	2
Wohnhaus- und Geschäftsgebäude	2
Brücke/Widerlager/Gewerbebau	2
Gartenhäuschen	2
Pferdestall	2
Reihenvilla (Doppelhaushälfte)	2
Fabrikanlage (Tabakfabrik)	2
Betriebshof	2
Landhausgarten	2
Wasserfläche (Kanal)	2
Pavillon; Mauer (Altenheim/Pflegeheim)	2
Güterbahnhofsgebäude/ Bahnschuppen	2
Kasernengebäude (Wirtschaftsgebäude)	2
Kleinwohnhaus (Doppelhaus)	3
Tunnel/ Lüfterbauwerk	3
Fassade	3
Wandgemälde	3
Hinterhaus	3
Vorgarten	3
Parkhaus	3
Wachgebäude	3
Schule (Realschule)	3
Zollschuppen (mit Büroteil)	3
Toilettengebäude	3
Kinderkrippe	3
Veranstaltungsgebäude/Etablissement	3
Kaischuppen	3
Grenzstein (Zunft)	3
Portalkräne	3
Kräne	3
Schulanlage <Schulgebäude; Einfriedung>	3
Fischerhaus (Tweehus)	3
Theater	3
Kraftwerk	3
Gewerbebau (Hofbebauung, Gewerbehof)	3
Stadthaus (Palais)	3
Bahnviadukt (U-Bahn)/ Bahnbrücke	3
Etagenhaus (Hinterhaus, Wohnterrasse)	3
Wohnhaus/ Geschäftshaus	3
Villa; Zaun; Vorgarten	3
Mehrfamilienhaus (vororttypischer gehobener Zuschnitt)	3
Villa (Reihenvilla); Einfriedung	3
Museum	3
Wohn- und Geschäftshäuser	3
Gemeindehaus/Pastorat	3
Tweehus (Haushälfte)	3
Wohnhaus (Doppelhaushälfte)	3
Wohnhaus (Reihenhaus)	3
Wohngebäude/ Bürohaus	3
Kirchengebäude; Pastorat	3
Mehrfamilienhaus (Reihenhaus)	3
Mehrfamilienhaus (Eisenbahnerwohnungen)	3
Bahnhof	3
Wohngebäude (Sommerhaus)	3
Wohnhaus; Garten	3
Apartmenthaus	3
Meilenstein (Halbmeilenstein)	3
Meilenstein	3
Etagenhaus; Einfriedung	3
Einfamilienhaus; u.a.	3
Etagenhaus (Vorderhaus, Wohnterrasse),Wohngebäude (Hinterhaus, Wohnterrasse)	3
Kaufhaus	3
Uferbefestigung	3
Röhrenbunker	3
Bleicherhaus (Doppelhaus)	3
Bahnhof (S-Bahn)	3
Pflegeheim	3
Kindertagesstätte	3
Wohngebäude (mit z.T. gewerblicher Nutzung)	3
Bleicherhaus (Vorderhaus)	3
Einfamilienwohnhaus	3
Siedlungsbau/Wohnstift	3
Einkaufszentrum	3
Ladenzeile	3
Feuerwehrhaus	3
Ladengebäude	3
Einfamilienhaus/Reihenhaus	3
Waschhaus	3
Bahnhofsgebäude (S-Bahn)	3
Grabmale	3
Kriegerdenkmal (Kriegerdenkmal 1939/ 45)	3
Platzanlage (Stadtplatz)	3
Gedenktafel	3
Einfamilienhaus; Garten	3
Kapelle	3
Kriegerdenkmal (Kriegerdenkmal 1870/ 71); Baum	3
Handwerkerhaus	3
Straßenbrücke (Klappbrücke)	3
Kirche; Gemeindezentrum	3
Kaianlagen	3
Landhaus; Einfriedung	3
Krematorium	3
Einfriedung; Villa	3
Villa; Vorgarten; Einfriedung	3
Hofanlage <Wohnwirtschaftsgebäude; u.a.>	3
Werkstatt	3
Turm	3
Wohnstift <Stiftsgebäude>	3
Gärtnerei	3
Museumsgebäude	4
Kirchengebäude/ Gemeindezentrum	4
Wohnhaus (Wohnpassage)	4
Schulgebäude (Volksschule)	4
Laden	4
Wasserfläche	4
Wohnhaus (mit z.T. gewerblicher Nutzung, Hofbebauung)	4
Gewerbebau (Hofbebauung)	4
Stiftsgebäude (Wohnstift)	4
Werftanlage	4
Wohngebäude (Hinterhäuser, Wohnpassage)	4
Wohnhaus (Wohnterrasse)	4
Gaststätte	4
Portal	4
Gewerbekomplex <Gewerbegebäude; Büro- und Gewerbegebäude; u.a.>	4
Wohnhaus (Hofbebauung)	4
Tankstelle	4
Platzanlage	4
Siedlungsbau mit Vorgärten	4
Mühlenensemble	4
Pfarrhaus	4
Schuppen	4
Wohnhaus (Deichbebauung)	4
Krankenhausanlage	4
Stadthaus	4
Altenteiler (Kate)	4
Torgebäude	4
Altenteiler	4
Villa; Einfriedung; Garten	4
Mehrfamilienhaus (Vorderhaus)	4
Mehrfamilienhaus (Hinterhaus)	4
Mehrfamilienhaus; Einfriedungen; u.a.	4
Synagoge	4
Mehrfamilienhaus (Wohnpassage)	4
Wohngebäude (Hofbebauung, Wohnpassage)	4
Kirchengebäude; Kirchturm	4
Wohn- und Geschäftshaus (Vorderhaus, Wohnterrasse)	4
Toilettenhaus	4
Reihenhaus (Bude)	4
Etagenhaus (Hinterhaus)	4
Einfamilienreihenhaus mit Vorgarten und Einfriedung	4
Wirtschaftsgebäude	4
Gaswerk	4
Kleinwohnhaus	4
Silo	4
Konzentrationslager	4
Siedlungsbau (Typ Hamburger Burg)	4
Tiefbunker	4
Bahnbetriebshof	4
Deich (Hauptdeich)	4
Villa; Einfriedung; Tor	4
Kirchengebäude; Turm	4
Krankenhauskomplex	4
Stadthaus (Doppelhaushälfte)	4
Stiftsgebäude/Wohnhaus	4
Hochschulgebäude (Fachhochschule)	4
Einkaufspassage/ Bürogebäude	4
Kaufmannshaus (Wohnhaus mit Speicher, Typ althamburgisches Bürgerhaus)	5
Rathaus	5
Wohngeschäftshaus (Vorderhaus, Wohnterrasse)	5
Armenhaus	5
Gerichtsgebäude	5
Warteschule	5
HJ-Heim	5
Werkstattgebäude (Hinterhaus)	5
Etagenhaus (Doppelhaus)	5
Gewerbebau	5
Wohngebäude (Hinterhaus, Wohnterrasse); Vorgärten; Pflaster	5
Etagenhaus (Bahnbeamten- und Arbeiterwohnhaus)	5
Fleet	5
Kasernengebäude (Mannschaftsgebäude)	5
Einfamilienhaus (Reihenvilla)	5
Windmühle	5
Mehrfamilienhaus/ Gaststätte	5
Friedhof (jüdischer Friedhof)	5
Hotel	5
Verkaufspavillon	5
Grünfläche	5
Straßenabschnitt/Pflaster	5
Mehrfamilienhaus (mit Laden); Einfriedung	5
Reihenvilla; Einfriedung	5
Mehrfamilienhaus (mit Läden) (Hochhaus)	5
Bahnbrücke (Güterbahn)	5
Bleicherhaus	5
Garagen	5
Wohnwirtschaftsgebäude; u.a.	5
Villa; u.a.	5
Mietwohnhaus	5
Hafen	5
Kaserne	5
Einfamilienhaus; Einfriedung	5
Kanal; Ufermauern	5
Wohn- und Kontorhaus		Q11755880	Q1783234			
Wohnhaus (mit Gaststätte)		Q11755880	Q62602544			
Markthalle		Q2080521				
Wohngeschäftshaus; Arkaden		Q11755880	Q655686	Q98445120		
Wohngebäude (Hinterhäuser, Wohnterrasse)		Q11755880	Q2588111			
Etagenhaus (Vorderhaus)		Q11755880				
Kanal/Fleet		Q12284				
Skulptur		Q860861				
Pastorat/ Gemeindehaus		Q607241				
Litfaßsäule		Q13964				
Leuchtturm		Q39715				
Schleuse		Q105731				
Etagenwohnhaus		Q11755880				
Etagenhaus (Wohngeschäftshaus)		Q11755880	Q655686			
Arbeitsamt		Q627329	Q294422			
Bahnbrücke (S-Bahn)		Q1210334				
Grabmal		Q56055312				
Grabsteine		Q56055312				
Mehrfamilienhaus (Doppelhaus)		Q6453233				
Reihenhaus (Reihenmietshaus, Wohnterrasse)		Q875016	Q2588111			
Etagenhaus (Hinterhaus, Wohnpassage)		Q11755880				
Dienstwohngebäude (Offizierswohnungen)		Q11755880				
Wohnhaus; Verwaltungsgebäude; Pförtnerhaus; Grünanlage		Q11755880	Q294422	Q18759150	Q22652	
Schule (Volksschule)		Q513984	Q1244442			
Mehrfamilienhaus (mit Gaststätte und Laden)		Q1498804	Q62602544	Q213441		
Einfamilienhaus (vororttypischer gehobener Zuschnitt)		Q1307276				
Toilettenhäuschen		Q813966				
Lehrgebäude		Q3914				
Gemeindezentrum		Q1500615				
Werkstattanlage (Fahrzeugwerkstätten)		Q656720				
Kindergarten		Q126807				
Einfamilienhaus (Doppelhaus)		Q6453233				
Pavillon		Q276173				
Einfamilienhaus; Vorgarten		Q1307276				
Pflaster		Q3328263				
Mühlengebäude		Q56822897				
Hufnerhaus		Q11755880				
Glockenturm		Q200334				
Wohnhaus (Hinterhaus)		Q11755880				
Wohnanwesen		Q11755880				
Kirchturm		Q72926449				
Wohngebäude (Altenheim/Pflegeheim)		Q22908				
Kran		Q178692				
Etagenhaus (Vorderhaus, Wohnpassage)		Q11755880				
Wohngebäude (Wohnterrasse)		Q11755880	Q2588111			
Hausgarten		Q114794860				
Bahnviadukt (U-Bahn)		Q1210334				
Mehrfamilienhaus; Einfriedung		Q1498804	Q1307347			
Wasserturm		Q274153				
Gebäude (Hofbebauung, Hinterhaus)		Q41176				
Bürogebäude/Wohngebäude/Hochhaus		Q1021645	Q11755880	Q18142		
Wasserwerk		Q10373565				
Munitionsbunker		Q98094452				
Bahnhof; Bahnsteig		Q98094452	Q325358			
Polizeiwache		Q861951				
Turmbunker (Zombeck)		Q219109				
Arbeiterwohnhaus		Q11755880				
Lagerhaus		Q181623				
Gutshaus		Q879050				
Tweehus		Q6453233				
Bahnhofsgebäude		Q98094452				
Pförtnerhaus		Q18759150				
Mehrfamilienhaus (Wohnterrasse)		Q1498804	Q2588111			
Bauernhaus		Q489357				
Grünanlage		Q22652				
Mehrfamilienhaus/ Beamtenwohnhaus (Doppelhaus)		Q6453233				
Deich		Q105190				
Wohnhaus; u.a.		Q11755880				
Stall		Q1207909				
Stallgebäude		Q1207909				
Denkmalanlage		Q5003624				
Wohnhaus (mit Laden)		Q11755880	Q213441			
Krankenhaus		Q16917				
Wohngebäude (Vorderhaus, Wohnpassage)		Q11755880				
Gedenkstein		Q11734477				
Bunkerhaus		Q91122				
Kriegerdenkmal		Q575759				
Zweifamilienhaus/ Reihenhaus		Q875016				
Brunnen		Q43483				
Gefängnis		Q40357				
Doppelwohnhaus		Q6453233				
Etagenhaus mit Vorgarten		Q11755880				
Hofanlage <Wohnwirtschaftsgebäude; Scheune>		Q58148376				
Wohnsiedlung		Q11755880				
Wohngebäude (Vorderhaus)		Q11755880				
Bahnbrücke		Q1210334				
Wohngebäude (Vorderhaus, Wohnterrasse)		Q11755880	Q2588111			
Mehrfamilienhaus (Siedlungsbau); Zubehör (in Umgebung des Gebäudes, darunter Grünflächen, Einfriedungen, Wege)		Q1498804	Q1307347			
Kinderheim		Q53033847				
Etagenhaus (Hamburger Burg)		Q11755880	Q1572977			
Mehrfamilienhaus; Werkstattgebäude		Q1498804				
Einfamilienhaus (Reihenhaus gehobener Standard)		Q875016				
Geschosswohnungsbau		Q11755880				
Grenzstein (Forst- und Ämterstein)		Q921099				
Wohngebäude (Hinterhaus, Wohnpassage)		Q11755880				
Kanal		Q12284				
Arbeiterwohnhaus/Reihenhaus (Typ "Instenhaus")		Q11755881				
Kriegerdenkmal (Kriegerdenkmal 1870/ 71)		Q575759				
Einfriedung		Q1307347				
Stiftsgebäude		Q11755880				
Nebengebäude		Q41176				
Mehrfamilienhaus (Siedlungsbau der 1930er Jahre)		Q1498804				
Etagenhaus (mit Läden)		Q11755880				
Hofbebauung		Q58148376				
Wohnhaus (Stadthaus)		Q11755880				
Mehrfamilienhaus (mit Laden, vermutl.)		Q1498804				
Siedlungsbau (Typ Laubenganghaus)		Q11755880				
Feuerwache		Q1195942				
Werkstattgebäude		Q656720				
Garage		Q22733				
Mehrfamilienhaus (Siedlungsbau der 1920er/ 1930er Jahre)		Q1498804				
Gasthaus		Q5526694				
Turnhalle		Q14092				
Einfamilienreihenhaus		Q875016				
Straßenpflaster		Q3328263				
Bankgebäude		Q18761864				
Postgebäude		Q35054				
Sahlhaus		Q2588111				
Bahnhof (U-Bahn)		Q98094452				
Plastik		Q1078913				
Einfamilienhaus (Doppelhaushälfte)		Q6453233				
Krankenhausgebäude		Q16917				
Freiplastik		Q350268				
Villa; Einfriedung		Q3950	Q1307347			
Remise		Q517820				
Garten		Q1107656				
Bürohaus		Q1021645				
Fabrikkomplex		Q1662011				
Schulanlage		Q1244442				
Etagenhaus (mit Laden im Keller)		Q11755880				
Mausoleum		Q162875				
Mehrfamilienhaus/Beamtenwohnhaus		Q1498804				
Geschäftshaus		Q655686				
Stift		Q11755880				
Friedhofskapelle		Q1457501				
Fischerhaus		Q41176				
Wohnhaus; Einfriedung		Q11755880	Q1307347			
Scheune		Q1303167				
Kriegerdenkmal (Kriegerdenkmal 1914/ 18 und 1939/ 45)		Q575759				
Schulkomplex		Q1244442				
Schule		Q1244442				
Mehrfamilienhaus (Siedlungsbau der 1930er Jahre); Garage		Q1498804				
Zweifamilienhaus		Q6453233				
Hofanlage		Q58148376				
Wohngebäude (Hinterhaus)		Q11755880				
Kriegerdenkmal (Kriegerdenkmal 1914/ 18)		Q575759				
Fabrikanlage		Q1662011				
Wohn- und Geschäftsgebäude		Q11755880	Q655686			
Etagenhaus (Wohn- und Geschäftshaus)		Q11755880				
Fabrikgebäude		Q1662011				
Bahnbrücke (U-Bahn)		Q1210335				
Friedhof		Q39614				
Gemeindehaus		Q1500615				
Bürogebäude		Q1021645				
Brücke		Q12280				
Einfamilienhaus (Reihenhaus, Typ Teppich-Siedlung)		Q875016				
Wohnstift		Q16295481				
Etagengeschäftshaus		Q655686				
Gebäude		Q41176				
Etagenhaus (mit Laden)		Q11755880				
Park		Q22698				
Etagenhaus (Vorderhaus, Wohnterrasse)		Q11755880	Q2588111			
Pastorat		Q607241				
Kirche		Q16970				
Straßenbrücke		Q537127				
Verwaltungsgebäude		Q2519340				
Speicher		Q1362225				
Wohngebäude (Hinterhaus, Wohnterrasse)		Q11755880	Q2588111			
Landhaus		Q16884952				
Kirchengebäude		Q16970				
Kate		Q11755880				
Schulgebäude		Q1244442				
Denkmal		Q5003624				
Mehrfamilienhaus (mit Laden)		Q1498804				
Kontorhaus		Q1783234				
Wohn- und Geschäftshaus		Q11755880	Q655686			
Wohnen		Q11755880				
Wohnwirtschaftsgebäude		Q11755880				
Wohngebäude		Q11755880				
Wohngeschäftshaus		Q11755880				
Reihenvilla		Q3950				
Villa		Q3950				
Einfamilienhaus		Q1307276				
Grenzstein		Q921099				
Mehrfamilienhaus		Q1498804				
Doppelhaus		Q6453233				
Siedlungsbau		Q11755880				
Reihenhaus		Q875016				
Wohnhaus		Q11755880				
Etagenhaus		Q11755880				
